id,institution_id,program_name,cip_code,cut_type,announcement_date,effective_term,students_affected,faculty_affected,status,source_id,notes,created_at,updated_at
97ee17d8-a96e-4bdc-9354-f0dc8074afe4,c086a865-9d23-446d-801d-194cfcd7a6e8,Adaptive Athletics Program (Wheelchair Basketball) Discontinued,,department_closure,2026-01-15,2025-26,,,confirmed,481d32ab-492f-42fc-9841-7911832ac6b3,Eastern Washington University announced the discontinuation of its Division I adaptive athletics program (wheelchair basketball) at the end of the 2025-26 academic season due to sustainability and financial challenges. The program was the first of its kind in the Pacific Northwest.,2026-01-12T00:24:22Z,2026-01-12T00:24:22Z
d7db3ff3-4741-413c-bb09-c525c31f7d28,2a83499e-4a8d-4cd5-922c-edced0a8ea6e,Football Program Suspended,,program_suspension,2026-01-05,2026-27,,,confirmed,26b094d6-5033-4681-9835-8e407e107e70,"Program suspended after multiple seasons of losses, financial unsustainability, and media investigations. Head coach Desmond Gumbs stepped down; intent to return in Division II.",2026-01-12T00:34:56Z,2026-01-12T00:34:56Z
c81ed45f-a114-4ff9-8ea5-6bcd2fdc86b6,bdf08bf6-1b93-4a30-a6ca-9a3daaebbf10,Staff Layoffs,,staff_layoff,2025-12-26,,,33,confirmed,dbd219bf-5028-4896-acde-54193029b06e,"Restructuring to address structural budget imbalances, cutting 33 positions and redesigning 30 others as part of $4 million realignment.",2026-01-12T00:17:29Z,2026-01-12T00:17:29Z
028e6be7-2dd3-464d-9447-8c775ff7312d,3040aa8e-ed93-40fb-9e4f-aa2114e1083f,Staff layoff,,staff_layoff,2025-12-17,,,16,confirmed,35f47036-31a2-43b1-95a2-0b4609bdce6f,Lay offs as part of the Universitys efforts to achieve a 12:1 student-faculty ratio.,2025-12-19T03:51:06Z,2025-12-19T03:51:06Z
3e920bc0-bb34-4097-a007-f70dfb1b3954,290d2258-ffec-47bf-a991-70b3010ee923,Staff layoff,,staff_layoff,2025-12-15,,,114,confirmed,6d1d093a-91a8-477b-b56c-6da438816b25,"The reduction accounts for 7.6% of full-time and part-time staff, according to a message from President Rob Manuel.",2025-12-16T19:46:33Z,2026-01-07T03:53:01Z
7ed928be-cea6-49e5-bf0d-21ed03f01aee,433ded9d-077e-497c-843a-9b13aad6edd1,Institution closing,,institution_closure,2025-12-09,2025FA,,,confirmed,c5d2bb0c-f771-4697-b951-1f2ac82bf774,University suspended operations due to financial challenges and enrollment decline.,2025-12-16T19:36:31Z,2025-12-16T19:36:31Z
99ca38ea-837c-4ed5-90e5-c90503f029cd,21226c9c-9eb9-4bb2-8862-58b549d9179d,Program suspension and Staff layoff,,program_suspension,2025-12-09,,,10,confirmed,858a6fba-93b5-47c8-8523-689a536027a6,"The private liberal arts college announced it will cut theater, communication arts, and philosophy majors — all programs with low enrollment numbers.",2025-12-16T20:07:35Z,2026-01-07T03:58:44Z
d7e36650-2dac-46c4-93c6-878580966d57,d8dd4147-d62f-4720-98ed-802f5d3cc57e,The college will drop the 11 majors and associated courses in the upcoming semester,,program_suspension,2025-11-24,2026-27,,,confirmed,557dd3e4-2607-49fd-b82b-f7e7d11b6ef8,"Cornell College to cut courses, citing student enrollment and data",2025-11-25T03:47:54Z,2025-11-25T03:47:54Z
3574aefe-4cd6-4ab3-a877-f18993c30d58,daef2397-64de-45e4-ba99-7b4f8ce8e880,Layoffs at Florida Solar Energy Center,,staff_layoff,2025-11-21,,,57,confirmed,ff99e9e3-bc60-4b08-9e5e-a3c1dd300630,Layoffs due to decline in external research funding and federal energy research priorities shift; resulted in elimination of 57 positions at FSEC.,2025-11-24T17:52:25Z,2025-11-24T17:52:25Z
d492b6b1-f2e0-487f-b8e3-28a166ee0907,0ca62372-4a93-4c61-88b5-e6fd416983bc,Staff reduction at Video Data Bank,,staff_layoff,2025-11-17,,,20,confirmed,49c6a41c-80e9-41ce-8163-8607d51d10b4,"Staff reductions affecting the Video Data Bank at SAIC eliminated 3 of 5 staff roles including the director, citing institutional financial pressures linked to declining international student enrollment; concern raised about the long-term viability of the collection and services.",2025-11-24T18:24:46Z,2025-11-24T18:24:46Z
7a3b959f-8db6-4389-8b76-dd62524eec1c,8a8c34db-71f4-453b-ac61-4b18b4fd4228,University-wide IT and Research Support Staff,,staff_layoff,2025-11-14,,38,,confirmed,97302a71-f8bc-4eba-9ee7-9d63e81fa172,"Harvard University laid off 38 IT workers on Nov 4, 2025 in HUIT amid broader university staffing reductions driven by federal funding cuts and endowment tax increases.",2025-11-24T18:10:45Z,2025-11-24T18:10:45Z
f2b49142-2bd8-4964-a339-f4c9dd13fc47,bc548f51-6933-4445-80c3-f61bd134f14b,Institution closure,,institution_closure,2025-11-12,Spring 2026,,,confirmed,248ba316-8b31-4718-b7bf-e5510ea99ecc,100% environmentally-focused work college closing after 65+ years due to enrollment declines (38% drop 2021-2023) and persistent financial challenges.,2025-11-24T17:05:40Z,2025-11-24T17:05:40Z
2478811b-b93c-4cb0-a471-c790f9bc0396,282bbe52-be7f-43f6-b9f8-5ef0ab991593,Staff layoff,,staff_layoff,2025-11-10,,,40,confirmed,765c7873-b6bd-423b-befd-ebc85303f431,"Rider University will eliminate 35 to 40 full-time faculty positions, cut salaries 14% across the board, and suspend retirement contributions as part of sweeping cost-saving measures.",2025-11-24T17:20:58Z,2025-11-24T17:20:58Z
b61c1961-4902-4827-b53f-846cd0e25052,bbe024d9-f8bd-47f4-9892-af9c821b7de8,Earth and Atmospheric Sciences,,program_suspension,2025-11-10,Fall 2026,,4,confirmed,5d0f3670-6ec3-42e0-9ec7-7d88e13a2829,"Department elimination includes Geology, Meteorology & Climatology programs; some federal-required courses may continue.",2025-11-24T17:41:40Z,2025-11-24T17:41:40Z
0578f96c-f70e-4dcd-a2a6-9dc8829608be,ebd3f5e0-7721-46d3-95a9-c37a8dc901c8,Staff Reduction,,staff_layoff,2025-11-07,Spring 2026,,15,confirmed,3ce088b5-27cc-4c4a-8044-9d055e6ecf7a,The college is eliminating roughly 17 staff positions — two of which are vacant,2025-11-24T16:41:55Z,2025-11-24T16:41:55Z
0c9fc3ee-860b-4cd3-abaf-f4199d0a846e,a7d0f7d9-2f31-4faa-95f6-d0611935a291,"Faculty, Staff Positions Eliminated",,program_suspension,2025-11-07,,,36,confirmed,49171b21-611e-4955-a35a-3a943f171907,"Campus consolidation prompted closure of PA program in Albuquerque, NM; 18 faculty received non-renewal notices.",2025-11-24T16:34:53Z,2025-11-24T16:34:53Z
f45efee8-ef58-43e9-8cf0-1f0a59534bc5,4497acee-73a6-4320-8b12-9486989b70f8,Performing Arts Department Closure,,department_closure,2025-11-07,Fall 2026,,,confirmed,1b5c2ae9-332a-4e71-bba5-ebd0afa084ea,Huntington University will suspend enrollment for all performing arts programs effective Fall 2026 due to a 21% decline in enrollment since 2020. Current students will be allowed to complete their degrees.,2025-11-24T16:11:48Z,2025-11-24T16:11:48Z
772b6502-6c03-4ba8-a141-b285433d6093,74401437-6cd0-444e-9880-04cfb972820b,Institution closure,,institution_closure,2025-11-06,2025-2026,,,confirmed,0f057f97-143e-4499-be63-d5d0223e9a89,The college announced it will close after the 2025–26 academic year due to financial challenges.,2025-11-24T16:20:48Z,2025-11-24T16:20:48Z
b8f8aae3-2c23-4f3c-bc64-0e3c870e7ece,a3401a31-4ec1-4c0d-b1f1-10bf1b02d072,"Multiple departments including Campus Ministry, Office of Social Justice, and Mass Communication",,staff_layoff,2025-10-29,Fall 2025,,46,confirmed,e4ba3284-516d-47c8-8c02-591bc7d1cc68,Layoffs represent 5.8% of full-time staff; affected departments include mission-critical areas supporting spiritual and social justice services.,2025-10-31T15:12:03Z,2025-10-31T15:12:03Z
f295fb4d-35db-4493-a313-2a7abc74ddea,a0e71ff0-bbcd-4170-8667-c13536f84f42,Staff layoff,,staff_layoff,2025-10-24,,,70,confirmed,69761e82-d555-480a-ac8d-4fe84d2c4980,70 jobs across all divisions have been affected.,2025-10-26T02:18:07Z,2025-10-26T02:18:07Z
dbf5dfa6-5cf0-4909-960b-1c6b56bcd8bf,4b49dc35-83fa-406f-b864-0d185dbaf883,Staff layoff,,staff_layoff,2025-10-22,2025FA,,50,confirmed,dc4106a5-4e22-49e0-927d-4b68c62bf470,University announced 50 staff layoffs and elimination of 30 to 50 vacant positions due to $7 million projected shortfall driven by enrollment decline and state funding cuts.,2025-10-23T16:19:59Z,2025-10-23T16:19:59Z
4947e181-b84c-4546-b060-107805b74f71,fe172d00-cefc-4c7c-a23a-4852d24b2b21,Staff layoff,,staff_layoff,2025-10-20,Fall 2025,,99,confirmed,26c68f3b-e4b9-4aec-9afa-df633c63a2d0,"Michigan State University cut $85 million from its general fund budget over two years, eliminating 99 filled faculty and staff positions as part of restructuring due to a structural budget deficit.",2025-10-23T16:20:19Z,2025-10-23T16:20:19Z
3b5bee2b-671c-419f-be48-8011e656243e,09e38024-c49f-4e62-a52a-c971b1962c59,Campus closure,,campus_closure,2025-10-17,Spring 2026,126,,confirmed,b3bed39d-806a-4aa0-be41-8fde9304d396,Declining enrollment cited as primary reason; enrollment dropped from nearly 500 in 2018 to 126 in fall 2025. Eighth UW branch campus closure since 2023.,2025-10-20T02:14:21Z,2025-10-20T02:14:21Z
ff8499eb-c3b5-4c6f-a3b9-818c0a64ac00,0138659b-fdf4-47cf-b7b6-ca6a43687943,Institution-wide staff reductions,,staff_layoff,2025-10-16,"December 31, 2025 / January 31, 2026",,44,confirmed,274f789c-deab-4c91-a9cc-c6db48209b8c,"17 staff eliminated, 23 instructors not renewed, 4 academic support professionals not renewed, 19 vacant positions unfilled. Caused by revenue declines including international enrollment drop and federal funding cuts.",2025-10-17T18:47:02Z,2025-10-17T18:47:02Z
fe45a421-50c0-43a3-9c6d-39b97b51c72b,349d71fa-8c49-470f-aff6-5b746bc7ac61,Staff positions (non-faculty),,staff_layoff,2025-10-10,,,,confirmed,08f16ae2-e8f3-451f-a1e0-a1e5c76fbe9c,"14 positions eliminated, 3 converted to part-time due to enrollment decline; no faculty affected; advisory group formed to review academic programs",2025-10-12T16:20:01Z,2025-10-12T16:20:01Z
2bed88a2-f1f1-4587-aa3e-3f1c76db0ee0,8a8c34db-71f4-453b-ac61-4b18b4fd4228,John A. Paulson School of Engineering and Applied Sciences,,staff_layoff,2025-10-09,,,40,confirmed,95e799b9-3750-44f8-89f0-778699e65cf8,"~40 staff laid off (25% of union staff) due to federal funding cuts, 8% endowment tax increase, and reduced indirect cost recovery rates. Dean cited 'enormous financial pressure.'",2025-10-12T16:44:08Z,2025-10-12T16:44:08Z
aab4cac3-407b-42ad-b12c-e285efacfb9e,50017d1d-9f21-4030-9bc0-09c45311e4cf,Software Engineering Institute,,staff_layoff,2025-10-08,,,75,confirmed,4d1b0242-1a31-4c4e-9859-26ef62f03c27,75 staff positions eliminated (10% of SEI workforce). Part of $33M university-wide expense reduction amid federal funding uncertainty and enrollment declines.,2025-10-10T02:07:57Z,2025-10-12T15:56:47Z
4b03f228-87b8-4864-a88b-70fa50429cb8,2f163a25-ee0d-4dd2-b262-56223e1739bd,University-wide staff layoffs,,staff_layoff,2025-10-04,Fall 2025,,55,confirmed,6ab57a21-91c2-488d-b02f-9419b71306b8,"A state filing confirmed 55 additional job cuts, including SEIU union members, career services staffers and professors.",2025-10-05T15:47:35Z,2025-10-05T15:47:35Z
b441a888-0eca-4282-9513-6da3f452103e,d3888ff6-5b95-473f-b370-f9f5f780ff53,Layoffs at Berklee College of Music,,staff_layoff,2025-10-03,,,70,confirmed,b3cf75d7-c14f-42d3-a617-bc9adc452436,70 staff members laid off due to budget challenges and enrollment concerns. No faculty affected.,2025-10-03T19:49:53Z,2025-10-03T19:49:53Z
9e1810aa-6523-46aa-a80b-1a7a5b214665,5c655fc2-e301-4710-9cdf-37efb123349c,Staff layoffs across multiple departments,,staff_layoff,2025-10-02,,,316,confirmed,09dbd6bb-9f1a-46c4-a03d-1d59e4fc00c2,"316 staff positions eliminated, 198 vacant positions closed, $52M annual savings. Cuts due to budget pressures and potential federal research funding reductions.",2025-10-02T17:24:54Z,2025-10-02T17:26:14Z
5c8c78de-df78-46ad-b17f-0d1d50e7ee74,1b03a28a-6300-403b-8b3d-51eb9e7bdf9c,Administrative and staff positions,,staff_layoff,2025-09-23,,,48,confirmed,f81b9acf-6eec-490d-b07c-afac42059eb4,48 layoffs plus 55 vacant positions eliminated as part of $30M budget reduction following federal funding pressure and student exposé of administrative bloat,2025-09-25T19:11:09Z,2025-09-25T19:11:09Z
84ee0c50-ebcb-4143-80a0-fa17988da1a6,e5ff7489-6d43-4021-a8dc-3bf3002f8af6,Biosciences Collaborative for Research Engagement (BioCoRE) program,,program_suspension,2025-09-23,,87,,confirmed,a49b9eb9-ec4d-42d0-9c2b-a994a689aa53,"Graduate support program in School of Medicine closed abruptly in August 2025 alongside IDEALS office closure, citing financial constraints amid federal funding cuts",2025-09-25T19:56:42Z,2025-09-25T19:56:42Z
b88d4d1e-9cd4-49b1-9efe-c3be5f924d12,57a1425f-e35b-4841-890c-fcfe9bcbea06,Institution-wide staff reductions,,staff_layoff,2025-09-23,,,30,confirmed,55f247c2-055d-431f-976d-1ef52a3cbed8,UMB laying off 30 full-time staff and eliminating 30 vacant positions due to $33.8M budget deficit from state cuts and reduced federal research funding,2025-09-25T18:57:06Z,2025-09-25T18:57:06Z
70829ef9-5ab3-4229-9c92-6bb6bfeeb5e1,8d8d9afd-7622-4c2b-ad50-605cf3322579,Multiple programs (6 programs curtailed),,program_suspension,2025-09-18,,,,confirmed,5761cb6b-a1ad-42a5-a6a6-c48c3782e7be,Part of $25M budget reduction over 3 years. Six programs recommended for curtailment by Fiscal Health Committee due to low productivity. Teach-out plans being developed.,2025-09-18T19:30:30Z,2025-09-18T19:30:30Z
93e87640-48dc-4869-af39-3af51235d1e8,,Institution-wide staff reductions and graduate program restructuring at the College of Environmental Science and Forestry,,staff_layoff,2025-09-18,Fall 2025 through 2029/30,,38,confirmed,77d4dd7c-05b0-414a-91b0-2c72d0cb7047,Fiscal Stability Plan targets 18.9% staff reduction (from 413 to 390.5 FTE) by 2029 to address $8.3M structural deficit. Graduate program restructuring. Voluntary separation program launched August 2025.,2025-10-12T16:36:04Z,2025-10-12T16:36:04Z
d7d3040f-2803-4df4-9606-426ba45afcc7,c4c6c32f-205b-44b2-aa07-65dda9df2913,WPSU (NPR/PBS public broadcasting station),,department_closure,2025-09-11,"June 30, 2026",,44,confirmed,4746b2cc-77f9-4182-98a3-8156d0144fdc,"Board rejected $17M transfer to WHYY. Federal CPB funding cut ($1.3M) and Penn State subsidy reduction ($800K) made station unsustainable. Serves 24 counties TV, 13 counties radio in central PA.",2025-10-12T16:11:14Z,2025-10-12T16:12:06Z
cd885cdb-0e84-4f79-97bf-ff7248e8fd14,bd820cdb-85cd-46ad-97ae-31c6221e217a,SNAP-Ed (Supplemental Nutrition Assistance Program Education),,staff_layoff,2025-09-10,Fall 2025,,43,confirmed,3b2294ca-b0dc-4d58-8f3b-c82a95a92851,"Federal funding eliminated by Congress. Program provided nutrition education across 12 Arizona counties through AZ Health Zone collaboration. Ends Sept 30, 2025.",2025-09-14T22:26:41Z,2025-09-14T22:26:41Z
5d2de109-b5ad-4e03-8888-be911bd7abeb,fe8a42e3-81ab-4a2e-a372-780647e26620,University-wide staff reductions,,staff_layoff,2025-09-08,Fall 2025,,20,confirmed,e93442e6-a45f-474f-88e0-cefb8b310aa0,60 employee layoffs including 20 career faculty to address $29.2M deficit. No tenured faculty or degree programs eliminated per official announcement.,2025-09-09T13:18:35Z,2025-09-09T13:18:35Z
df3a979b-ecb5-487a-93d7-aec28b77cf87,63ae39e5-b5f8-4132-94a6-ed1a3c3cb412,Mitchell-West Center for Social Inclusion,,department_closure,2025-09-08,Summer 2025,,,confirmed,61ef1d65-b349-4b24-87bd-467c667552ae,LGBTQ+ support center closed due to Alabama SB 129 law banning DEI programs at public institutions. Center provided resources and programming for LGBTQ+ and underrepresented students.,2025-09-09T13:57:20Z,2025-09-09T13:57:20Z
e2536a49-42c9-4e63-8348-b968791510f4,43a909ac-57ae-4fa5-88e8-4332fb9df0f7,WVU Research Corporation employee restructuring,,staff_layoff,2025-09-08,Fall 2025,,507,confirmed,013fa4b8-03c1-43cb-ab3c-a30160f1519b,Mass layoff of 507 WVURC employees who will transition to direct WVU employment with identical positions. Restructuring to reduce administrative burden.,2025-09-09T13:21:44Z,2025-09-09T13:21:44Z
0fd8ffea-76e8-4840-bfd6-79599343b42a,653b20ee-70b4-4917-b811-3ae25463d954,"16 degree programs including Leadership Studies, English, Spanish, Sociology, Chemistry, Creative Writing, Theology",,department_closure,2025-09-04,Fall 2025,200,19,confirmed,b7ef2c0f-2234-4a07-af81-bdcf5acb4574,16 degree programs discontinued due to budget deficits and declining enrollment. Students report inadequate teach-out options to complete degrees.,2025-09-04T22:12:32Z,2025-09-04T22:15:07Z
87dd54e8-2af3-4d57-8ced-c5ba2758a17c,350fd74f-d3fe-44ae-a512-c7be4adfa555,30 associate degree programs,,program_suspension,2025-09-04,Fall 2025,,,confirmed,1232d732-84c9-4d8a-aa97-0b6db52ed68c,Programs cut due to Senate Bill 1 requirement to eliminate programs graduating ≤5 students annually. About half were apprenticeship programs. Current students can finish.,2025-09-04T23:15:41Z,2025-09-04T23:26:17Z
237db960-d67d-4e8d-94a4-43511018d30c,66a3db2d-6d10-493c-87eb-24258541d075,"Diversity, Equity, and Inclusion (DEI) programs and offices",,department_closure,2025-09-03,,,,confirmed,02e9fd9b-d250-4e25-bebd-e47605835099,Discontinued in response to Trump administration federal mandates against DEI programs. Interim President Leah Ward Sears announced the closure to comply with federal laws.,2025-09-04T23:32:10Z,2025-09-04T23:32:10Z
710e4489-3193-4e4c-ad73-e1ac0e605aa4,7c500846-2da6-48f1-bed2-fbd8dcf4ab66,Community Writing Center,,department_closure,2025-09-03,Summer 2026,,,confirmed,84636c2d-63ed-4c2a-8945-db5136bc0880,"Community service center operating for 25 years, offering writing coaching and workshops. Closure saves $210,435 as part of HB 265 budget reallocation requirements.",2025-09-04T23:12:23Z,2025-09-04T23:12:23Z
d4059c1f-c4b1-4b5e-b365-4d5aca339958,51beac8d-d8f8-4aff-89f4-e6a8da7dbbad,Satellite campuses (Oxnard and Westlake Village locations),,program_suspension,2025-09-03,Summer 2026,,,confirmed,8646f655-0a8e-48f1-94d8-37c3fbb146f6,Satellite campus closures due to enrollment decline,2025-09-04T23:30:38Z,2025-09-04T23:30:38Z
08b1cd81-2963-4a91-97b7-5d9ecbe61bec,feea185b-a0fa-412f-a145-590b66cc4530,Staff layoffs,,staff_layoff,2025-08-31,Fall 2025,,15,confirmed,16430583-87b0-41d3-ba60-9c368ed71caf,15 staff positions eliminated to place college on more sustainable financial path. No regular faculty positions were cut.,2025-09-01T01:43:35Z,2025-09-01T01:43:35Z
284bcbf4-e2a1-4474-9522-a0b6ef0af65b,58c0e96a-c140-4889-bf0b-cb5cb5dccd7a,Institution-wide staff reduction,,staff_layoff,2025-08-31,,,45,confirmed,fe51b06a-6b77-4b53-adfe-c086a70c9c98,45 staff layoffs due to Trump administration policies limiting international students; international students contributed $172M to budget in 2023,2025-08-31T17:23:42Z,2025-08-31T17:23:42Z
b5f601b6-e995-47f4-ad1c-08224d8f9f0d,9a8a73ec-1772-4c17-9146-ed404b7ee560,Middlebury Institute of International Studies at Monterey,,institution_closure,2025-08-28,June 2027,,,confirmed,47885bb0-54a6-498a-8210-f2774c9fc0dc,Closing all residential graduate programs in Monterey due to $8.7M deficit and declining enrollment. Some online programs and research centers will continue.,2025-08-29T15:28:44Z,2025-08-29T15:28:44Z
fb2e8ebe-fac8-4416-be64-c6621a3100a9,95d13455-ab72-441b-83c9-08dc144d4678,"Multiple PhD programs across Arts & Humanities, Social Sciences, and professional schools",,program_suspension,2025-08-28,Fall 2026,,400,confirmed,66e4b0b5-00e9-4180-b574-280db4e95f55,"$100M budget cut, 400 staff layoffs, PhD admissions paused in most humanities depts, federal funding cuts cited as primary cause",2025-09-02T13:39:01Z,2025-09-02T13:39:01Z
53d0acd9-b519-40ab-b4bb-c82d6ad8e6bf,b156b9fb-7a24-4986-841e-8263ff2b2049,Bachelor of Arts in Chemistry & 10 Others,,program_suspension,2025-08-26,,,,confirmed,f6073eb6-8243-4b7b-994b-eb6481d4eb47,11 programs suspended due to Advance Ohio Higher Education Act requiring 5+ annual graduates. Students can complete degrees. No immediate faculty impact expected.,2025-08-28T14:05:19Z,2025-08-28T14:05:19Z
80fdc926-a198-49b4-ac0d-222d12c28467,edd9de38-c4f0-4876-921f-d6c0fe87f9c9,Staff Layoffs,,staff_layoff,2025-08-23,August 2025,,30,confirmed,193a7313-80fd-4140-806e-9e3d33d519c8,5% staff reduction (30+ employees) due to enrollment and revenue falling below projections for second consecutive year. 12 union members affected.,2025-08-24T19:16:06Z,2025-08-24T19:18:37Z
8a0e9882-2511-4745-beb2-e2ed01b11950,4b199992-ecd5-4600-ab53-dfd0c3cac00d,Staff layoffs across multiple departments,,staff_layoff,2025-08-22,,,30,confirmed,85ec92e7-f743-436f-853d-c0db5ac3b08e,"Approximately 30 staff laid off due to financial challenges; enrollment dropped from 4016 to 3812 affected library, undergraduate, graduate and support staff across departments",2025-08-24T19:38:10Z,2025-08-24T19:38:10Z
91cc2dc7-a197-4e45-bb9c-57de383064e4,ffafbe40-18a4-419c-8c90-e3636d3917e6,Public Defender Project,,program_suspension,2025-08-22,,,1,confirmed,2666c18d-790b-443e-9c9e-fc8530fff08b,"Clinical program providing experiential learning in public defense work. Professor John Gross, director and Clinical Associate Professor, facing layoff.",2025-08-26T20:11:02Z,2025-08-26T20:12:42Z
786bd5e3-f1ed-417e-b486-c726e9e1a99b,61796f40-2fa8-460a-8420-c24abb3cec59,Institution-wide staff reduction,,staff_layoff,2025-08-21,,,50,confirmed,d3bbcbb5-8762-40a3-9fe6-d1abc81c6921,University of Texas Health Science Center at Houston laying off dozens (0.5% of staff) amid hiring freeze and cost controls due to financial headwinds. Part of broader healthcare industry layoff trend.,2025-08-22T01:08:39Z,2025-08-28T15:56:13Z
ddc23cea-20b3-4ad7-a4ff-ad26befc5955,a0ae2872-c094-4052-8576-fbfdb9095aed,"Diversity, Equity and Inclusion positions",,staff_layoff,2025-08-21,,,4,confirmed,962d82e3-e3f3-4822-b089-e0c1e9c65da4,Four DEI positions eliminated in response to Trump administration federal DEI guidelines from U.S. Department of Education,2025-08-24T19:45:49Z,2025-08-24T19:45:49Z
b073465e-9d3b-44a7-a03d-7c2e510b7ca8,fa358e55-cef2-4040-a1c0-2e73666ea384,"Multiple programs: journalism, film, computer science, cybersecurity, information systems, Master of Arts in Coaching and Sports Management",,program_suspension,2025-08-19,Fall 2025,,,confirmed,37458911-e5dd-41d5-9484-d83538980228,Six programs discontinued due to enrollment challenges and market changes. Current students can complete degrees.,2025-08-20T02:07:26Z,2025-08-20T02:07:26Z
fe79272d-ed7d-4015-886b-a9a745c4870d,2f163a25-ee0d-4dd2-b262-56223e1739bd,Rossier School of Education,,staff_layoff,2025-08-19,,,19,confirmed,e1dc7301-f6ff-4575-bd00-9d5945659bf1,"Part of university-wide layoffs due to $200+ million budget deficit. 4 faculty and 15 staff laid off, including career services specialist. Multiple USC schools affected.",2025-08-24T20:02:39Z,2025-08-24T20:02:39Z
b3eaab9f-3711-4c74-ab20-03845acb3123,3bf6a54c-1dde-48fc-80ac-e3a2f83c504a,World Language Education (BSED),,program_suspension,2025-08-15,Fall 2025,,,confirmed,9ae6824d-032e-4da1-95da-76505060fa19,"Program suspended for new students due to low enrollment. Offered teacher licensure in 8 languages: Chinese, French, German, Italian, Japanese, Latin, Russian, Spanish.",2025-08-17T00:01:59Z,2025-08-17T00:01:59Z
b489e06b-9a55-4119-a9f8-7a73ce28371d,7786c231-751a-41ee-a72f-c0b09adc1e0b,Wintersession and Office of Campus Engagement,,program_suspension,2025-08-14,September 2025,,4,confirmed,b6494eca-9644-4212-ac61-a0f701cf0cfd,"Two-week noncredit program discontinued due to budget cuts from federal funding reassessment and economic uncertainty. Office of Campus Engagement also closing. The 2025 edition of Wintersession drew 4,359 attendees, an increase of more than 2,000 from the program’s inaugural year in 2021",2025-08-15T18:12:07Z,2025-08-15T18:12:07Z
1ab37118-cfc8-4e77-bcbf-148fbf5cb58d,a63736b5-c8bd-4a0a-9f8c-27c8416c8582,Iowa Summer Writing Festival,,program_suspension,2025-08-12,"December 31, 2025",,,confirmed,6d8915d8-34d7-462e-9a11-67b8d7263824,Both Iowa Summer Writing Festival (since 1987) and Iowa Youth Writing Project discontinued simultaneously due to ongoing funding challenges,2025-08-13T17:16:31Z,2025-08-13T17:16:31Z
3fc84917-f3c3-447f-b408-2877edac91b0,813599d7-baaf-40e7-938d-cf7b6e707df1,Multiple programs including mathematics majors consolidation and medieval studies graduate programs,,program_suspension,2025-08-12,Fall 2025,,,confirmed,21bdccfe-ba7d-47a0-9600-e1afc53a521b,"7 programs permanently closed after low-enrollment review, including graduate certificates in global health, obesity prevention, and bachelor's/master's programs in mathematics and medieval studies",2025-08-12T17:43:31Z,2025-08-12T17:46:28Z
830d339e-6ebc-4b11-8685-69f8cbb5179b,2f163a25-ee0d-4dd2-b262-56223e1739bd,USC Annenberg School for Communication and Journalism,,staff_layoff,2025-08-12,,,13,confirmed,df6ffe6d-2bc6-427b-b31c-80854319bc43,13 employees laid off to help meet $6.5 million budget cut required by USC as part of university-wide deficit reduction efforts exceeding $200 million,2025-08-12T13:33:25Z,2025-08-12T13:33:25Z
6fc764c3-c473-435e-b5fa-14af66790357,3189fae5-8a4c-4d43-99c0-5d4125f62d3e,SNAP-Ed / Eat.Move.Save program (Illinois Extension),,staff_layoff,2025-08-09,,,217,confirmed,98ed8ea8-8eaa-4d3e-aa12-8b5b7c4e4a36,"Federal funding eliminated for SNAP-Education program, affecting over 200 Extension jobs and 1 million Illinois residents served",2025-08-09T23:51:01Z,2025-08-09T23:51:01Z
7c9ead5e-3a63-4534-80df-1c03b997f430,3a530771-07e5-4940-b8bb-cfb90a1a06b1,36 staff positions eliminated,,staff_layoff,2025-08-08,,,36,confirmed,f41aab87-86be-43a7-be33-688fd381ad3e,"23 employees laid off, 13 unfilled positions cut, 10 employees hours reduced. Part of $17.5M budget reduction due to state funding cuts and declining enrollment.",2025-08-08T18:18:56Z,2025-08-08T18:18:56Z
cda5fb31-6e3b-46e3-8f73-23362f9e92c6,11728dd7-4f13-4cef-af4e-02980b51297a,Retirement and Disability Research Center,,department_closure,2025-08-08,August 2025,,,confirmed,b2c70d98-fd88-4b6a-b0c3-e4fdcef2c86d,"Closure due to Social Security Administration funding cuts affecting retirement research centers at 6 institutions, part of $15M in terminated research funding",2025-08-08T22:26:06Z,2025-08-08T22:27:42Z
e6ecfd45-1eae-4778-bd59-7e0826f8f998,6433c165-ffd0-4876-939e-ebfcb8e15e30,Office of Diversity and Inclusion,,department_closure,2025-08-08,,,,confirmed,9589f085-f3e8-4f62-b95e-369f735f3f8e,Closed to comply with Trump administration guidance from Departments of Justice and Education. Centers moved to Campus Life division.,2025-08-15T04:05:42Z,2025-08-15T04:05:42Z
30592db7-2afa-4fad-86f1-8d0fc1a56c1a,2f163a25-ee0d-4dd2-b262-56223e1739bd,Keck Medicine of USC and Keck School of Medicine,,staff_layoff,2025-08-07,Fall 2025,,89,confirmed,051ea8a7-a7a7-414e-acae-b48c5fe96195,89 employees laid off from Keck healthcare system and medical school as part of addressing $200 million university budget deficit,2025-08-10T00:38:43Z,2025-08-10T00:38:43Z
80f8f466-ed60-41b1-b881-fd297bb1ecc6,50017d1d-9f21-4030-9bc0-09c45311e4cf,School of Computer Science,,staff_layoff,2025-08-05,,,18,confirmed,9f68dac6-7cd0-440a-b6db-53179dbfa968,"18 employees laid off from several departments including marketing/communications, program support, computing support and outreach. Dean cited financial pressures despite school being in good health.",2025-08-09T03:57:36Z,2025-08-09T03:57:36Z
9f2bbd07-c039-4e3e-aba9-9ea4a34a8304,f31bdec3-096e-4651-a714-708043377993,Staff layoffs university-wide,,staff_layoff,2025-08-05,Fall 2025,,363,confirmed,24fb340f-d17c-49bc-8f53-8d426ecacfb2,363 positions cut due to $140M budget shortfall from federal policy changes including research funding cuts and endowment tax increases,2025-08-05T19:18:19Z,2025-08-05T19:20:09Z
1ed72bf3-9d25-41e7-8ce3-8b22d29830c2,e6ece7c5-31a9-4d43-a1f5-4f97a4f58ea9,Men's and Women's Tennis,,program_suspension,2025-08-04,Immediately,,,confirmed,b71f5530-62bf-4bd1-88e2-b2d9bf019822,"Part of broader strategic realignment within the athletic department due to rising costs, facility demands, and need for programmatic focus",2025-08-05T19:27:57Z,2025-08-05T19:27:57Z
9aaf14fa-1897-4201-9520-97d2bc6ab773,381526eb-d35d-4689-8839-fe942112fa55,Institutional staff layoffs,,staff_layoff,2025-08-01,,,,confirmed,13fad799-e772-4c43-8060-1a1706b0436f,8-9% of staff laid off in broader restructuring; also ended local radio programming at 64 stations June 2025 as part of strategic realignment,2025-08-02T20:20:08Z,2025-08-02T20:20:08Z
e80b8a22-6e42-4483-8168-ef95db29877d,d3cee943-8657-46ca-97ab-fe8b67bdaf0a,Non-instructional Staff,,staff_layoff,2025-07-31,,,77,confirmed,b62765c3-f254-485c-ae91-cf7671945a33,"77 full-time staff laid off in collegewide restructuring, no faculty affected, came 3 weeks after antisemitism lawsuit settlement",2025-08-01T14:15:02Z,2025-08-01T14:15:02Z
aa550c6d-940b-47dc-99df-abc88e5ccf0b,414f6aa7-b3f5-45bd-be33-e6ede5f88028,Track & Field and Cross-Country,,department_closure,2025-07-30,Fall 2025,,,confirmed,6574b3f4-22bd-448b-a9ce-cf4803cc01ab,Budget constraints and lack of on-campus facilities prompted discontinuation of indoor/outdoor track and cross-country programs,2025-07-30T19:25:09Z,2025-07-30T19:27:53Z
06e3b33a-7a90-4c38-a936-c70d321f4dae,40e27696-b6f0-4615-b62b-21abb7f84a41,Staff layoffs across multiple schools and units,,staff_layoff,2025-07-29,,,425,confirmed,9b29808a-6b0d-4e61-a9ba-d7cdc1b8ec40,"425 positions eliminated (5% of staff budget), nearly half currently vacant, due to budget gap and $790M federal funding freeze",2025-07-30T14:13:15Z,2025-07-30T14:13:15Z
4ac1fa9e-da78-46fe-a949-325890a5da7f,8919fc0f-ddd7-4bbb-a0db-e7d425b296c7,Institution closure,,institution_closure,2025-07-29,,,,confirmed,d6c96058-ea42-4b4f-b320-4810959c953b,"Christian liberal arts college lost accreditation in 2023, suspended operations, failed to secure financial backing by July 15 deadline set by NY State Education Department",2025-07-31T03:13:30Z,2025-07-31T03:13:30Z
6edb1371-7d91-40f8-934b-91ffa58de956,e5ff7489-6d43-4021-a8dc-3bf3002f8af6,Staff layoffs,,staff_layoff,2025-07-28,,,600,confirmed,3c9730d2-63f0-4256-8445-91077e1f8be4,Voluntary buyouts (599 staff) accompanied by impending involuntary layoffs due to federal funding threats[1][2]. Separate facultye retirement incentives target ~250 members[1][4].,2025-07-30T14:17:33Z,2025-07-30T14:17:33Z
569545b2-9e57-45ec-9534-4ba2d3b3c30b,11728dd7-4f13-4cef-af4e-02980b51297a,FoodWIse nutrition education program,,program_suspension,2025-07-25,"September 30, 2025",,90,confirmed,485c31ce-702f-4630-a378-54a2ed4e0601,"Federal SNAP-Ed funding eliminated by congressional budget bill; program served 133,000+ people annually across Wisconsin",2025-09-02T13:31:08Z,2025-09-02T13:31:08Z
296a09a3-6a09-4d3a-ae49-3e3c86071334,fe172d00-cefc-4c7c-a23a-4852d24b2b21,SNAP-Ed Program / MSU Extension,,staff_layoff,2025-07-22,Fall 2025,,120,confirmed,0957b0a1-c327-4ac3-b37d-56b77620f579,"Federal SNAP-Ed funding cuts resulting in $10M annual loss, affecting nutrition education services for low-income families across Michigan",2025-08-11T16:45:27Z,2025-08-11T16:45:27Z
55d8f944-c8e3-4d04-8b51-22ef3e980afd,d91b0e0a-1991-4710-8444-d64f171d080a,Administrative and Support Staff,,staff_layoff,2025-07-22,,,14,confirmed,6c891ade-2bb9-4552-af02-49d096a29d53,21 total positions eliminated (14 filled roles + 7 unfilled positions) at main campus. Part of broader restructuring including residence hall sale.,2025-07-22T20:40:47Z,2025-07-22T20:40:47Z
5b00c4b8-ba06-47b4-aa87-2b16167587fb,823baeef-9e0c-4362-9779-36620360aad5,Staff layoffs across multiple departments,,staff_layoff,2025-07-22,2025-26 academic year,,25,confirmed,c5bcc86f-30be-4c83-ad1e-229a6986dc13,6% workforce reduction (25 employees) for budget alignment. No faculty or departments eliminated. Strategic cuts across campus departments to preserve financial strength.,2025-08-11T16:49:45Z,2025-08-11T16:49:45Z
ab65ff15-ca6c-47df-b225-02d0e5555c04,709c63a7-27f5-4e1a-bb11-aaf0519ad60c,Staff positions across multiple divisions,,staff_layoff,2025-07-22,,,11,confirmed,ce34ed80-e619-4206-9bd0-735b85d3d7d5,"11 staff positions eliminated due to financial pressures, shifting demographics, inflation. 3 positions modified with reduced appointments.",2025-08-11T16:53:16Z,2025-08-11T16:54:15Z
93094c6a-a529-482a-b7e6-1fb4c9420188,aceac5bd-600a-4dc1-a1c4-64839051c5e1,Institution-wide cost reductions (some faculty layoffs),,staff_layoff,2025-07-18,FY 2025-26,,50,confirmed,92d6e606-a905-4e61-9ce6-00d92bba4eca,"Temple University to lay off 50 employees
The public institution is cutting 190 positions in an effort to slash more than $30 million from its deficit",2025-06-24T05:12:05Z,2025-07-22T02:46:24Z
e90fa74c-9bc1-4724-8ecf-a5330d6402f5,a9434c15-3fd9-4aae-8765-ad254c275bc1,Staff positions,,staff_layoff,2025-07-18,Fall 2025,,34,confirmed,66dab806-6770-4430-b0ec-8645c7b221de,Budget shortfall of $6M due to enrollment declines and rising costs,2025-07-19T23:57:09Z,2025-07-19T23:57:09Z
f18a63e7-fcd5-4c23-ba15-3dee190ca7d7,149b915b-d316-446d-bd66-6b5982af4759,Workforce reduction,,staff_layoff,2025-07-18,Fall 2025,,,confirmed,a49330a5-3868-4e1d-9fb5-ca705fbb5a18,Job cuts affect temporary workers and two executive positions due to declining enrollment. Full-time faculty not impacted. Freshman class expected to drop from ~1000 to ~800.,2025-08-11T16:58:38Z,2025-08-11T16:58:38Z
6e7ca7fa-f705-4460-b310-04fae28be240,c508f142-473e-446f-bede-f5fe796b0474,ROTC Program,,program_suspension,2025-07-16,Fall 2025,,,confirmed,ac31a762-2c46-4d9c-847b-eb2b24226f45,ROTC suspension due to federal funding cuts. New enrollments prohibited; military science classes restricted to scholarship/contracted cadets. Part of nationwide reductions affecting 10 universities.,2025-07-18T12:33:25Z,2025-07-18T12:33:25Z
a88eab36-c17c-4906-a092-382c51b77d21,073244d5-f7d9-4339-98a9-dcf6ca530b71,SNAP-Ed Nutrition Program,,staff_layoff,2025-07-16,Fall 2025,,60,confirmed,c0f662c1-e671-4779-bce1-e6acdc7739cc,"Federal funding elimination terminates SNAP-Ed, a nutrition education program for low-income families, resulting in 60 statewide layoffs including a half-time Lyon County position.",2025-07-18T12:47:07Z,2025-07-18T12:47:07Z
b0b3a313-3433-4e7c-a77b-f4224560fd89,78dea38b-9196-4ea2-bda1-ebb1a17164b9,Maine SNAP-Ed (Supplemental Nutrition Assistance Program - Education),,program_suspension,2025-07-11,2025-07-11,,,confirmed,d5aee46c-552f-429f-bbe1-14fb60ad3193,"Federal funding eliminated through Public Law 119-21 budget reconciliation bill. Program served communities across Maine for over 30 years, losing $4.8M/year.",2025-09-09T13:38:47Z,2025-09-09T13:41:59Z
a5f1ca39-6257-454a-83c3-608a556d8540,79889c6a-8eef-4d4a-9d4e-e060dfa4714b,China Scholarship Council Partnership,,program_suspension,2025-07-10,,3,,confirmed,ebb72100-aa32-4b5e-95fa-c79f62832e78,Terminated due to national security concerns raised by U.S. House Select Committee on Chinese Communist Party infiltration risks,2025-07-18T12:36:47Z,2025-07-18T12:36:47Z
d4b9b12e-0881-49f5-b53c-de5064eae92b,d5130bd5-841f-4859-bbae-17a4621f9dc8,"Division of Diversity, Equity & Educational Achievement",,department_closure,2025-07-09,,,10,confirmed,6109aee7-8512-4851-9aeb-3279103cec9c,DEI division sunset announced 2025-07-09. Programs relocated to Teaching & Learning division. <10 staff laid off. Scholarships and student support programs continue under new structure.,2025-07-20T19:45:16Z,2025-07-20T19:45:16Z
41a4ed38-f6ad-4d62-bc3c-c46a25bbc3f9,2ea61637-f1f9-4d88-9375-4f305a8d2d58,Staff layoff amid budget challenges,,staff_layoff,2025-07-07,,,120,confirmed,3ddc4ae1-dc66-4f31-a03b-2d905d11e688,"Announced 120 staff layoffs and elimination of 120 vacant positions due to 5% budget cuts, citing federal funding uncertainty and operational challenges.",2025-07-10T17:54:54Z,2025-07-10T17:56:00Z
390e19fb-1437-4a94-9c79-9f8eebbca5fe,c1001ec9-cd4d-429f-92ad-4556e6c40a87,"Programs affected include a Master of Arts in Political Science, an associate degree in Chemical Technology, and multiple degrees in German and Visual Arts.",,program_suspension,2025-07-05,Fall 2025,,,confirmed,169d105f-fa19-48f5-bcf7-c29ea92cf006,Part of 51 program modifications due to Indiana state mandate requiring low-enrollment program reductions. Includes suspension/elimination of 9 programs with teach-out plans for current students.,2025-07-10T02:31:49Z,2025-07-10T02:52:16Z
151a6702-06e9-459d-8cfe-9fb2da8a015e,4f87591c-9d5e-4957-8116-067dbc09037c,Administrative Staff Reductions,,staff_layoff,2025-07-04,,,75,confirmed,91214a46-4b2b-4dab-bb22-3d9a7a759f63,75 positions eliminated through 5% administrative expense reduction to save $20M. Includes Office of Sustainability closure (3 jobs) and Health Science Center PST program (15 positions).,2025-08-11T16:39:46Z,2025-08-11T16:40:30Z
8b66837c-5cb2-4a95-8929-cf2a79e4a9d9,33a916f0-8873-41f7-a9f0-6bb6aa2d0e9b,"Liberal Arts programs (Political Science, Communications majors; Art, Music minors; Environmental Science concentration)",,program_suspension,2025-07-02,Fall 2025,,,confirmed,e4b9aa81-ee26-48cb-bab4-bbf0869badbe,Cuts address $6M deficit from alleged endowment mismanagement. University maintains introductory liberal arts courses but eliminates upper-level programs to reallocate resources.,2025-07-18T19:47:35Z,2025-07-18T19:47:35Z
56709c63-5e4d-4a93-9782-2c9aca6b57f5,670dfee7-fba5-429a-bf6e-7a54b0a34e48,"Bachelor's in Microbiology, Bachelor’s in Mathematics, Bachelor’s in Design and Production, Master’s in Health Sciences",,program_suspension,2025-07-01,Fall 2026,,,confirmed,c78467be-d48b-4ccf-9f88-fa8897e2ae12,Suspended with teach-out toward elimination due to low enrollment under Indiana's new degree program thresholds requiring 15+ annual graduates for bachelor's degrees.,2025-07-10T02:36:05Z,2025-07-10T02:50:21Z
6cd4d8c0-6b93-45dd-b471-54a42644fc2d,c249bfd1-dbd4-4fdd-b68d-28caa87d8a40,"B.A. in French, B.A. in Art History, B.A. in Italian, M.A. in Japanese, M.A. in Theater and Drama, M.A. in Chinese",,program_suspension,2025-07-01,Fall 2025,,,confirmed,230121ca-6f2c-4286-843e-ce2e5e8e7cb6,Eliminated as part of 116 degree program cuts at IU Bloomington due to state-mandated graduation thresholds (minimum 15 graduates annually for bachelor degrees).,2025-07-10T02:19:02Z,2025-07-10T02:26:55Z
79602a45-bd21-4aac-95d6-5644f5aae297,3f85957e-5db6-48c7-a2ee-470874d19528,Institution closure,,institution_closure,2025-06-30,End of 2026 Academic Year,2300,,confirmed,4b7c7e0b-36aa-40ad-8cda-a414e96ff80c,Closure due to financial instability from declining enrollment (33% drop over a decade) and rising operational costs.,2025-07-18T12:47:07Z,2025-07-18T12:47:07Z
aa83188d-211d-47ac-acb2-fd1279eafb40,9a4ff3e1-4807-4d26-b71f-9b41a2e02960,UCLA Extension Staff Positions,,staff_layoff,2025-06-30,Summer 2025,,23,confirmed,ee6f1d8a-28dd-4364-a24d-153ead1148d9,Layoffs due to federal budget cuts targeting continuing education programs.,2025-07-22T02:22:47Z,2025-07-22T02:22:47Z
d6fd691c-552b-4e46-a3f7-6180ee6928e9,bce738de-fd42-40bc-b83b-931dcbda0351,Staffing reductions,,staff_layoff,2025-06-30,,,202,confirmed,2ba58db8-3a28-4e9a-a1f4-3b246ff0b2f4,"Statewide layoffs impacting 5.3% of full-time staff across 45 campuses due to $2.4B state funding cuts. Tuition frozen through 2026-2027 at $2,577/semester.",2025-07-18T20:43:28Z,2025-07-18T21:33:24Z
749a7554-61e9-41b6-8886-fa69c97a97e7,5ef51e16-1ce4-4804-b551-ede44d3f0ed9,Deficit reduction: 20 positions eliminated (16 occupied),,staff_layoff,2025-06-26,,,16,confirmed,27ec7b27-e0b4-4347-afe4-76bc526d838f,Part of effort to close $23 M shortfall; earlier 2025 cuts preceded this.,2025-07-06T16:16:38Z,2025-07-06T16:16:38Z
13dfd831-8f29-4dfe-a528-751acc397e5a,c02928f5-2c9f-49b5-805e-eba48f0c6787,Budget shortfall: 10 staff layoffs,,staff_layoff,2025-06-25,,,10,confirmed,4f0d4b1e-a51a-4cd3-b4bd-ce71662b0615,Additional measures include salary freezes and admin pay cuts.,2025-07-06T16:16:38Z,2025-07-06T16:16:38Z
c9144208-32f4-45bf-83e3-d8334be60a64,5ec2fb43-0687-4258-a1ff-5568a4e8dd79,University-wide staff reductions (8 departments),,staff_layoff,2025-06-25,,,60,confirmed,cba715ee-908b-4550-91ed-e17151576a43,"60 positions eliminated across HR, marketing and other units; no faculty affected.",2025-07-06T16:16:38Z,2025-07-06T16:16:38Z
46a33afd-6137-4b74-a873-b0fa994c5a31,2168a70d-1cce-4da8-a07c-66de90cf7fc3,Institution workforce reduction,,staff_layoff,2025-06-20,,,650,confirmed,491895f1-29e2-414a-8c36-2d8f84d06e60,"650 layoffs (2% of workforce) primarily impacting research, administration, and support roles due to federal budget reductions and $300M operational cuts",2025-07-24T02:16:26Z,2025-07-24T02:16:26Z
8323184f-e02e-4c7b-a8f8-7a9080109eb4,4904cd6a-cc07-40a0-8800-09724f6e464b,"Programs across colleges (7% cut), 350 positions eliminated",,staff_layoff,2025-06-20,Fall 2025,,350,confirmed,7fcbcd73-c919-4567-a6c2-5763d0362fab,UMN is cutting 7% of program budgets and eliminating 350 positions to cover a $115M revenue gap.,2025-06-24T05:12:05Z,2025-06-24T05:12:05Z
b93d7df1-2d44-4b40-bdcd-ef5788a1ecd6,73f9e84d-7089-4cbe-bc9c-8dda7ae8f0f2,Academic restructure: up to 30 % faculty & 5 % staff cuts,,staff_layoff,2025-06-20,,,99,confirmed,4c729b02-3da7-4021-9bbd-9f3871ed0160,Estimated ~99 faculty layoffs if 30 % target is reached.,2025-07-06T16:16:38Z,2025-07-06T16:34:21Z
3b066871-7d44-43c7-b20e-02c6f0acdde4,45feebdc-cc8a-4fdb-9b18-d780c5ce30b0,"Multiple low-enrollment degree programs (TBA, system-wide)",,department_closure,2025-06-19,Fall 2025,,,confirmed,c41b3d61-d05f-473b-a778-86e15efc5c76,Regents-approved FY25 budget directs campuses to retire low-productivity majors; specific lists due July.,2025-06-24T04:06:34Z,2025-06-24T04:06:34Z
cb2cc901-49c4-4179-9338-3cd506bddc1b,fe8a42e3-81ab-4a2e-a372-780647e26620,Budget cuts: 42 positions terminated (11 faculty),,staff_layoff,2025-06-19,,,42,confirmed,6b878012-0063-4697-bd46-2ecfa77b6caf,Part of plan to close $25.7 M deficit; more layoffs expected.,2025-07-06T16:16:38Z,2025-07-06T16:16:38Z
5af0a66a-4bda-4600-9e68-27968958eea0,3c8eb376-964a-479d-8bdf-98f95cea54f2,Layoff of 20 full-time faculty (18 tenured),,staff_layoff,2025-06-18,,,20,confirmed,b2d0bbde-0a85-47e7-a9f5-ff8cad37211b,"Another round of cuts amid $40 M deficit; enrollment down to 5,570.",2025-07-06T16:16:38Z,2025-07-06T16:16:38Z
e1978915-5efc-4823-9374-e32e137772ac,b9891778-6b70-4e67-ba7d-a9e03ac25dcb,Track and Field,,program_suspension,2025-06-17,Fall 2025,,,confirmed,bf38ae70-58c9-4e5d-8a32-f76fa0138236,"Elimination of all field events (jumps/throws) and reduction of sprints/hurdles, shifting to distance-focused program while honoring current scholarships.",2025-07-14T16:02:20Z,2025-07-14T16:02:20Z
3d332b65-e322-404d-8f2b-a982d7939e8e,e4f73e1a-76af-4a4d-a45e-362dfd991529,Department of Anthropology & Physics,,department_closure,2025-06-15,Fall 2025,,,confirmed,b3a0b621-737d-416d-b18c-cc2b74fdb46a,Retrenchment report recommends dissolving Anthropology department; teach-out plan pending grievance.,2025-06-24T04:19:38Z,2025-07-18T21:53:14Z
33896d34-ac22-4814-a166-f6a73c242014,6747e91b-040d-44e2-9f20-ec30017162c0,Medical Laboratory Science,,program_suspension,2025-06-13,Fall 2026,,,confirmed,056c1a94-9283-4cc6-bf42-cf636d8376f8,Termination of 90-year-old program as part of Marquette 2031 cost-saving plan. Current students can complete degrees until Spring 2029. Program had 4 faculty/staff and offered tuition support/stipends.,2025-07-14T02:12:57Z,2025-07-14T02:12:57Z
77a2bbef-6cf0-4726-8194-efa7e9edc92f,2043ba51-c016-40a8-b971-89498442e599,"Russian, Music and Sonic Arts, Gerontology",,program_suspension,2025-06-12,,,,confirmed,d0371422-e1d1-49d6-b585-f85eda2f6638,"PCC is eliminating Russian language and two CTE programs (Music/Sonic Arts, Gerontology) to address a $14.78M budget deficit. Programs will phase out after current students graduate.",2025-07-18T12:40:42Z,2025-07-18T12:40:42Z
db2ddebc-fcb8-4d94-a2e4-9a359bbf8923,d4e1dd0d-244d-4907-8716-75e6c582753a,Annual budget realignment: 5 staff positions cut,,staff_layoff,2025-06-12,,,5,confirmed,2f74d610-0a16-426e-8a03-c055befa2c0b,"University states cuts are routine, offset by new athletic hires.",2025-07-06T16:16:38Z,2025-07-06T16:16:38Z
5ddba585-9806-4417-b9b6-9908efcd8605,405bd305-bdda-45d6-87ca-c3639f0b1a2b,Master’s in Nursing Education,51.3808,program_suspension,2025-06-10,July 1 2025,,,confirmed,4e635c03-0bdb-4ba1-a6bd-2732a5cb64d8,Low enrollment & high delivery cost; part of $8.9 M cuts.,2025-06-23T02:23:56Z,2025-06-23T02:23:56Z
f74e3454-6538-4862-9062-8a9d86db5170,9a4ff3e1-4807-4d26-b71f-9b41a2e02960,AAP: Pre-College Scholars & Graduate/Professional Services units,,program_suspension,2025-06-05,July 1 2025,6300,,confirmed,21020ef1-75be-44b2-9e6c-4794c8f77e8b,Budget shortfall pauses key retention programs serving first-gen/low-income students.,2025-06-24T04:06:34Z,2025-06-24T04:06:34Z
b17e35bf-65b3-46be-880e-3a0b5d850277,bce738de-fd42-40bc-b83b-931dcbda0351,Institution-wide staffing reduction,,staff_layoff,2025-06-02,Summer 2025,,38,confirmed,4514bf83-f0cd-4f76-ac57-dabd0d7edbc9,"202 total layoffs (180 full-time) due to $54M shortfall from 5% state funding cuts and tuition freeze. Affects all 19 campuses, largest reductions at Systems Office in Indianapolis.",2025-07-10T02:40:39Z,2025-07-10T02:40:39Z
0bd68f41-6763-4720-a503-5912058d1952,5557945d-df95-4304-8bcf-09ff586d976a,Staff layoffs,,staff_layoff,2025-06-01,,,35,confirmed,c441d55b-e468-41af-ae83-483013192d18,"35 staff layoffs across multiple divisions (IT, student affairs, public affairs, marketing, HR) due to budget reductions and cautious 2026 spending approach",2025-08-15T16:35:04Z,2025-08-15T16:35:04Z
99fa545d-04bf-4b86-96d4-17716991ccf2,b88cc257-ccba-4863-92a3-aa62dc039ce3,Strategic resizing: workforce (-20 %) and select programs,,department_closure,2025-05-29,AY 2025-26,,62,confirmed,7615b63f-ef80-4bff-9f1a-7f24a24c4c2d,RWU eliminating ~62 positions and cutting low-demand programs to align operations with mission.,2025-06-28T23:43:28Z,2025-06-28T23:43:28Z
d4bb9a15-15a8-4e5a-a053-d13dba654293,9feafc79-8a16-48b8-a9a6-5b6da0ed11cb,19 under-enrolled academic programs,,department_closure,2025-05-25,Fall 2025,,63,confirmed,29fa4fe0-af51-4959-ba00-152e1c4dd358,SUNY Buffalo State dropping 19 programs and 63 positions; enrollment down 43 % over a decade.,2025-06-28T23:43:28Z,2025-06-28T23:43:28Z
3b263c2c-5173-4112-97f6-b6921432d334,b5f428e2-cf83-4698-9b8b-06110ade38aa,Baseball and softball programs,,program_suspension,2025-05-23,,,45,confirmed,e56ce208-34cc-43e1-94cf-fcc9413f89ca,Part of $6 million budget cuts; expected to save upwards of $1 million; discontinued effective immediately; student scholarships will be honored,2025-09-02T13:18:49Z,2025-09-02T13:18:49Z
b5ce112f-c613-4a67-9563-ba25424f2904,69038879-cc97-4bfa-b9be-c8c8c3e0d385,German and Persian Language Programs,,program_suspension,2025-05-23,Fall 2025,,3,confirmed,3563ce88-5d9b-4998-92ab-e7121b34f660,Elimination due to $81M budget deficit and low enrollment. Part of campus-wide cuts affecting Languages and Applied Linguistics department. 23.5% course reduction.,2025-07-10T02:45:35Z,2025-07-10T02:45:35Z
50ce8fb1-d12d-4e60-84ef-ac7882a97786,d7aaa72f-1f46-49d4-87e5-9747d12c1ca4,Athletic Department,,staff_layoff,2025-05-21,,,15,confirmed,2340d822-e8fa-4bc5-895d-fb9d4f46541d,5% workforce reduction (15 of 302 employees) in athletic dept to prepare for $20.5M annual revenue sharing with student-athletes under House v. NCAA settlement,2025-09-02T13:24:36Z,2025-09-02T13:24:36Z
e5bf6b91-4753-4407-be80-df5ca3424637,bd820cdb-85cd-46ad-97ae-31c6221e217a,Foundational Writing Courses,,staff_layoff,2025-05-20,Spring 2025,,10,confirmed,b38f832d-4664-4211-b688-f9f89f3a0296,"Non-renewal of 10 career-track faculty in foundational writing courses, which are required for graduation. Contracts terminated with only five days' notice, resulting in loss of health insurance.",2025-07-09T22:00:16Z,2025-07-09T22:00:16Z
66eb60d5-594c-4bd1-a41f-230c3c8a022b,3a864871-761d-43cf-bcc5-1682f3b026d8,Advanced Structures and Composites Center,,staff_layoff,2025-05-15,,,9,confirmed,e3f24a5e-42a3-4193-81f0-72879dde9059,"Federal funding cuts led to layoffs of engineers, scientists, and technicians. DOE suspended $15.8M in awards for offshore wind projects.",2025-09-02T13:10:08Z,2025-09-02T13:10:08Z
d67c87dc-a7dd-44a8-9c70-33456a57efb5,91ef726a-0bad-4157-b31b-8a755b9f8659,Institution closure,,institution_closure,2025-05-15,,,,confirmed,65d0b166-4420-448c-bcb6-10544a7891bc,"Federal judge ordered Chapter 7 liquidation due to gross mismanagement, including misuse of funds. Accreditation was revoked in 2024 amid years of financial decline.",2025-07-22T02:56:24Z,2025-07-22T02:56:24Z
a6166c37-ed4b-44d8-9555-fdf7203e1971,40ef1740-60ac-41f5-a877-75104c6ee282,Institution-wide staff reduction,,staff_layoff,2025-05-08,,,91,confirmed,4d90a3e1-8bff-4d3a-b1a4-0aa764065a66,Layoffs of 91 faculty/staff (5% of workforce) due to $34M operating deficit and 54% enrollment decline since 2012.,2025-07-18T20:48:56Z,2025-07-18T20:48:56Z
9a49674a-1296-4707-94e2-1ffee8cab405,df1fe987-0458-49ea-ab0f-27d612bbdd1a,Research Staff,,staff_layoff,2025-05-06,,,180,confirmed,a088ca8a-ef0a-4693-b8b1-f671e36f043e,"Layoffs due to revocation of $400M federal grants by Trump administration, citing alleged antisemitism and university inaction. 180 staff (20% of grant-funded positions) terminated across research programs including radiation exposure, ALS, and tuberculosis research.",2025-07-14T16:15:22Z,2025-07-14T16:15:22Z
de5ca9d0-8da7-46dd-ba37-cd0ddf6d8f24,d453a9dd-87a9-42a8-aef8-f152c7ec4709,Institution closure,,institution_closure,2025-05-04,Spring 2024,65,,confirmed,ff3b905a-4c53-4178-8bf7-d2156a96f563,"Small Catholic college closed due to financial challenges, low enrollment, and $3.1M loan payment. Never exceeded 100 students in 50-year history.",2025-08-05T02:18:36Z,2025-08-05T02:19:27Z
5e8469a9-2600-426f-8a8f-3ca38fe71ab2,b87cd3c0-ca8a-4ed5-91f3-8ddd276c81e9,Black Studies BA,05.0201,program_suspension,2025-05-01,Fall 2025,,,confirmed,f451942e-79d5-416c-ac51-4694ec5ef4df,One of three “low-enrollment” majors deactivated.,2025-06-23T02:32:06Z,2025-06-23T02:32:06Z
92874b40-3fe0-48eb-95c3-cd2a00e1831c,f51b170c-4672-4bb4-bd58-304cb086512a,Institution-wide Staff and Faculty Reduction,,staff_layoff,2025-05-01,Spring 2025,,123,confirmed,c5fbc806-09b0-4d61-9a7b-acaa597a5973,"Voluntary Retirement Incentive Program (VRIP) participants include 123 staff/faculty with avg 24 yrs service. Largest group in AU history, effective May 2025.",2025-07-14T14:07:12Z,2025-07-14T14:07:12Z
2079c6a1-1716-407e-9840-ee96c0cc0f83,62c0dbcd-e117-4429-aed6-10a2b1ec36fc,Strategic Reinvestment: multiple degrees & certificates,,department_closure,2025-04-29,Fall 2025,,,confirmed,02a1f4ed-7695-4f22-9755-4497ad55bd97,HB 265 requirement to discontinue low-productivity programs.,2025-06-23T02:32:06Z,2025-06-23T02:32:06Z
7afa740b-587a-4628-b510-4e717d04db73,26335d11-7faf-4b7e-bb1c-47d8ef4b709a,All programs,,institution_closure,2025-04-29,Spring 2025,1600,,confirmed,ab8bee98-0da1-43c8-b2f3-3553dcec10c7,Board of Trustees vote; closure after spring semester 2025.,2025-06-23T02:32:06Z,2025-06-23T02:32:06Z
83c258a4-d765-4b4f-94e3-9f0fa744fc5a,cb01ed34-eba1-4237-a0e1-3d5426fb0a43,Institution closure,,institution_closure,2025-04-25,Spring 2025,832,131,confirmed,1bcd1d9e-74eb-4086-a424-f97b94b46dd3,"Financial crisis led to permanent closure of Presbyterian university founded in 1958, merged with Webber International University in 2011 but could not sustain operations.",2025-08-02T03:15:28Z,2025-08-02T03:15:28Z
5cd1747c-d48e-4a23-91e0-7c94f99ccb5a,c242617d-2b31-42e6-b8e8-213e1bdcf683,17 low-enrollment majors (multiple),,department_closure,2025-04-22,TBD,209,,confirmed,61cb0d99-dad7-4ecb-857a-92df6a1b8df4,Budget-mandated eliminations; current students may teach-out.,2025-06-23T02:32:06Z,2025-06-23T02:32:06Z
f524ed9d-59f0-45d8-9cc4-405899a4ae30,74f71238-4bbd-4c6e-bf57-e8f9333245ef,"Africana studies, Asian studies, data analytics, disability studies, Middle East studies, philosophy, religious studies, Spanish, women’s and gender studies",,program_suspension,2025-04-21,Fall 2025,,,confirmed,3c858d19-62c9-4450-b7a6-344a2e60077d,Suspended due to Ohio SB1 requiring elimination of programs averaging <5 degrees/year over 3 years. Current students may complete degrees; programs remain available as minors.,2025-07-18T20:31:04Z,2025-07-18T20:31:04Z
334a75ef-7719-407c-8f75-dcf40347c01b,73227445-2f1b-4c6c-96f9-af78374e49a7,Music (BA/BM),50.0901,department_closure,2025-04-10,Fall 2025,,40,confirmed,38a6208d-63da-4275-aac9-54a7eaefc9ae,Part of restructuring eliminating several arts programs.,2025-06-23T02:23:56Z,2025-06-23T02:23:56Z
49d5c391-fa84-47c9-afb2-6948e6d408fa,c56ed03b-82cf-40ff-a880-b2cd1848dd7c,Staff layoffs,,staff_layoff,2025-04-02,April 2025,,16,confirmed,7628cfa9-f6c0-40c5-b94e-2049c4784554,"Layoffs due to enrollment decline from ~2,200 to 1,867 students. Affected positions included library staff, facilities, event services, study abroad advisor, sustainability director.",2025-09-02T15:28:32Z,2025-09-02T15:28:32Z
2e89eb78-9eab-4870-9de4-5fd6eea4738a,f9b5f94b-8697-45d2-9f7f-8fe7f61672f1,Institution closure,,institution_closure,2025-03-27,Spring 2025,,354,confirmed,bd5af53f-ec6d-41de-bb91-43cca3296233,Cornish College absorbed by Seattle University; all 354 employees laid off with potential rehiring by Seattle U,2025-09-02T15:25:48Z,2025-09-02T15:25:48Z
86cbfb34-38af-4611-b9b1-7b34495c9bfa,132f7ee7-9767-4a87-aa94-7bdacf44b6b8,Interpreting and Translation - American Sign Language/English,,program_suspension,2025-03-20,May 2028,,,confirmed,1d1bc905-be32-4a4c-bd70-c564f586eedf,College of Liberal Arts and Social Sciences phasing out program due to routine evaluation to align resources with student priorities. Current students can complete degrees.,2025-08-01T19:38:02Z,2025-08-01T19:38:02Z
c83a0551-f9f7-4be4-8ef1-1be3d360c82a,4faa02e3-3078-4c65-a00a-ce9737ccdf92,Physics Department,,department_closure,2025-03-18,2029,,5,confirmed,0bd281fe-5a2d-4809-af00-9d6432fa192d,"Part of plan to address $10.3M deficit. Physics faculty reduced from 10 to 5, with remaining professors transferring to chemistry department until phase-out complete.",2025-08-13T17:11:40Z,2025-08-13T17:11:40Z
5c4b619e-3cc0-4365-9ae4-5d3e18cad0ad,e62f5385-d04e-44f3-bb22-ae5d55cedeed,Institution-wide staff reduction,,staff_layoff,2025-03-17,,,24,confirmed,1d570e0f-2511-4ddc-9eab-001ae13d8dee,"24 staff laid off to address $8M budget shortfall, with departmental budget cuts up to 15%. Tuition increased 3.5% for Fall 2026.",2025-07-20T16:27:58Z,2025-07-20T16:31:09Z
88456ef1-bffc-4b5e-9d1c-85125e54448c,503e253c-7847-43ba-bbe2-0dfffe1f40e9,"15+ majors including Art Education, Chemistry, Physics, Theology, Computer Science",,department_closure,2025-03-17,Fall 2025,,21,confirmed,111fa23c-2723-41d1-8c11-684af937527e,"St. Norbert will cut more than a dozen majors and lay off 27 faculty (21 in May, 6 in 2026) to reduce $7M deficit.",2025-06-24T04:43:32Z,2025-06-24T04:43:32Z
c62d7303-b627-40ec-8e72-c8aad820c95b,ccfd441d-0cda-4a82-b3e5-828073dc0620,USAID grant-related activities,,staff_layoff,2025-03-14,,,247,confirmed,679116e9-bc68-481c-b5f7-cf9beab05164,"Termination of $800M+ USAID grants forced layoffs of 2,222 positions globally. Affected programs: TB/malaria research, maternal health services, vaccine initiatives.",2025-07-14T15:27:34Z,2025-07-14T15:27:34Z
0dc6a435-e4f3-4b35-89ef-77e36795cc59,3189fae5-8a4c-4d43-99c0-5d4125f62d3e,Soybean Innovation Lab,,staff_layoff,2025-03-11,Spring 2025,,30,confirmed,761e2ab2-739c-463a-a926-409a2879206c,"USAID-funded agricultural research lab closure due to Feed the Future program cuts, focusing on soybean research in Africa",2025-09-02T14:37:39Z,2025-09-02T14:37:39Z
db371386-d718-4aa6-904c-97ee40183acf,a8012f2a-9a88-437d-8e33-725e4f7cfe14,Men and Women Swimming and Diving,,program_suspension,2025-03-07,Spring 2025,58,3,confirmed,6a73abd3-9ac9-4720-bb81-554843ab6de1,Cut due to $450k/yr NCAA settlement costs and state funding cuts. Program raised $9M for reinstatement but missed $15M goal. Scholarships honored for affected athletes.,2025-07-10T03:40:21Z,2025-07-10T03:40:21Z
9f2c6f1c-51a2-4d9e-b0d6-59ae6ed966cf,f696cf99-1565-4030-9c23-6962609347f9,College of Veterinary Medicine,,staff_layoff,2025-02-27,,,10,confirmed,fc5347e9-1ca3-4f4d-a083-c23c9ca15d04,Layoffs affected veterinary school faculty and staff with little advance notice during challenging financial times.,2025-09-02T15:05:48Z,2025-09-02T15:05:48Z
c6078a58-57b7-4aa5-94a5-10216d4ba0f1,dd85cea5-32b6-4e1d-a6cf-489fae60f982,Institution closure,,institution_closure,2025-02-19,Spring 2025,300,29,confirmed,501e3b5b-6f38-4739-b20d-a86c0b31acc3,Board unanimously voted to close due to insurmountable financial challenges and declining enrollment. Final commencement held May 2025 after 133 years of operation.,2025-07-18T19:07:51Z,2025-07-18T19:07:51Z
2f6532be-e498-4567-b2e1-14b41036b929,f50ae657-e65e-4381-9a65-6ac691110b65,≈20 degree programs (multiple),,department_closure,2025-01-22,Fall 2025,,46,confirmed,a1c5f31c-7596-4498-a794-4f9735549e8c,Part of $23.9 M deficit plan; court allowed cuts to proceed.,2025-06-23T02:32:06Z,2025-07-10T20:28:02Z
66bc8dcd-1792-4e79-8865-31c8d036c855,a44ab706-1168-4809-80b0-572d65389291,Athletic Department,,staff_layoff,2025-01-16,,,25,confirmed,9c586dc3-ff6a-404d-a974-647ca51adc70,"25 athletic department positions eliminated (13 layoffs, 12 unfilled positions) to prepare for revenue sharing with athletes. No sports programs or coaching staff affected.",2025-09-02T14:27:57Z,2025-09-02T14:27:57Z
7cc85afa-8e94-4bf6-8732-58003f276287,5382c0e6-4e4d-4cee-9edf-35190fd45ad3,Staff layoffs and furloughs,,staff_layoff,2025-01-16,Spring 2025,,375,confirmed,76a5893b-d959-487a-8392-dcd1674131d7,"290+ employees furloughed, 30+ laid off to address $10M budget deficit. Faculty largely exempt from furloughs but layoffs anticipated.",2025-09-02T14:18:17Z,2025-09-02T14:18:17Z
1933a52e-1cfc-422e-b7d9-7e366b35fcd7,3c8eb376-964a-479d-8bdf-98f95cea54f2,"11 degree programs (4 undergrad, 7 grad)",,department_closure,2024-12-18,Fall 2025,,25,confirmed,59ac9a5e-3721-4d34-8edf-b644de9175a4,Revamp plan cuts 11 degrees and up to 25 faculty positions to close budget gap.,2025-06-29T16:05:03Z,2025-06-29T16:05:03Z
913af0cd-5e0d-468e-b590-25d035936a8f,6cd53917-2d7f-42da-b721-446f8b733638,College of Liberal Arts and Sciences,,staff_layoff,2024-12-13,Fall 2025,,17,confirmed,5b3b9cd9-d446-4cc4-95be-fa7f6b6bff83,Targeted $7M budget reduction in largest college; part of university-wide $18M deficit response including non-tenure track faculty layoffs and retirement incentives.,2025-07-10T20:14:19Z,2025-07-10T20:14:19Z
ffa2867c-b141-4eb3-8639-31d7f454b4c9,d6036ac4-55e6-42d4-998b-7e634b221412,Institution-wide restructuring,,staff_layoff,2024-11-25,,,69,confirmed,8565cb46-5e55-4ed4-8302-986df5e609e9,"Massive workforce reduction (136 positions: 67 staff, 37 full-time faculty, 32 adjuncts) and academic program discontinuations to address $17M deficit and accreditation probation.",2025-07-10T20:05:06Z,2025-07-10T20:05:06Z
b055a4ee-4dc2-483c-b190-db2224a6af51,2fcaaebc-d1bc-4933-8ed5-5783e4388c39,Staff positions,,staff_layoff,2024-11-19,,,60,confirmed,fb698550-8f2b-4f71-b76c-90e4321a8a50,"60 staff layoffs announced due to $63M operational deficit and enrollment shortfall linked to FAFSA rollout issues, representing 1.4% of workforce",2025-07-10T19:54:15Z,2025-09-02T13:51:04Z
c7b6a8b9-a12d-4c32-8967-b14ed7f24d2c,2ea61637-f1f9-4d88-9375-4f305a8d2d58,PhD programs in humanities and social sciences,,program_suspension,2024-11-19,Fall 2025,,,confirmed,22cf511d-2226-40ca-b8e8-f8ad31fc58e8,"Temporary suspension of admissions to 12 PhD programs including Philosophy, English, History. Cited budget constraints from graduate union contract and program sustainability review.",2025-07-10T20:24:06Z,2025-07-10T20:24:06Z
15f6a3fd-bfef-47e4-aa90-745b9c89f9d4,2cd1b624-d4e7-40fa-b295-bdd319be8e79,Football,,program_suspension,2024-11-18,Fall 2025,,,confirmed,8d2f6d2f-2abb-420f-9134-2a93422cf5a2,"Discontinuation of NCAA Division II football program due to increasing operational costs, NIL/transfer portal complexities, and strategic shift toward 17 other sports. Part of broader institutional realignment including name change to Mississippi Christian University in 2026.",2025-07-14T15:56:19Z,2025-07-14T15:56:19Z
3f9c53d3-1cac-4d6b-be2b-e3d19dc56555,188096d8-6237-4f50-bdf2-4f6959b03a11,LGBTQ studies minor,,program_suspension,2024-11-12,,,,confirmed,dbb68d96-8b0e-4ee2-b67c-f5f38d5841cc,"Eliminated among 52 low-enrollment programs after political pressure from state lawmakers. Faculty Senate and university president opposed cuts, citing flawed review process.",2025-07-10T20:17:56Z,2025-07-10T20:17:56Z
620dc47d-47ab-40ff-a2bf-120f9a502fa7,9b42e449-0284-4cc4-b8d5-d730a1f254a3,Institution closure,,institution_closure,2024-11-01,Fall 2025,,116,confirmed,f682c5cc-6820-4d8b-8f76-87861e1d3ede,"Complete campus relocation to Hudson Valley, NY. 116 employees terminated with 60-day notices. New Massena Campus will offer positions with priority for current staff.",2025-07-18T21:04:41Z,2025-07-18T21:04:41Z
64f622db-2e9e-4d58-a12f-183a45a467d8,b6758ffc-3767-4b38-9f10-7cfc83f98686,Institution-wide staff positions,,staff_layoff,2024-10-21,Fall 2024,,30,confirmed,cb120e90-c86f-4c01-8460-1fbae953ba4d,23 staff laid off + 30 unfilled faculty roles and 100 vacant staff positions eliminated to balance budget and reduce expenses by 4%,2025-07-10T20:09:26Z,2025-07-10T20:09:26Z
a0346ce2-9932-4395-98e4-df5a400dbd66,fcd3fca9-76ac-453e-9e26-8694ae09a742,Institution-wide staff positions,,staff_layoff,2024-10-01,Fall 2024,,114,confirmed,a7996852-4ebb-45af-bd23-52f2e89fbe4c,TSU laid off 114 staff members in October 2024 amid $46M deficit. Additional personnel reductions planned through hiring freezes and vacancy non-fills to address $39M projected 2026 shortfall.,2025-07-10T20:22:05Z,2025-09-02T13:49:36Z
ab28af14-9c64-4f74-8f08-00c95829a2be,e1b4e939-b8c9-47d9-8ea7-8818c353ddf3,"Sociology, Spanish/Spanish Education, Fine Arts",,program_suspension,2024-09-24,Fall 2025,,13,confirmed,81aa2df9-e6a1-45f7-ade4-ab237f3ea0fc,"Elimination of three majors due to projected $5.8M+ deficits by 2027. 13 faculty terminated across departments, including tenured professors, using enrollment/faculty ratio rubric.",2025-07-10T20:36:16Z,2025-07-10T20:36:16Z
17e8840c-bd2e-4643-a33b-d53bf364e48e,1f1bcdd0-c284-4341-a31e-46aa433b379c,Five majors eliminated,,department_closure,2024-09-10,AY 2025-26,,40,confirmed,5771ebca-ad9b-4341-b231-02cd1fbb9ccc,Budget-balancing plan drops 5 majors and 40 faculty/staff roles.,2025-06-29T16:05:03Z,2025-06-29T16:05:03Z
3b86d32c-06cc-459a-8e85-69d40530a2b6,f31bdec3-096e-4651-a714-708043377993,Creative Writing Program (Jones Lectureships),,staff_layoff,2024-08-21,2024-2026,,23,confirmed,a76f735c-18e3-416a-b492-e610935db720,"Termination of 23 long-term lecturers in creative writing over two years, replacing positions with short-term contracts and new term-limited lectureships despite program popularity.",2025-07-10T19:52:12Z,2025-07-10T19:52:12Z
fe0d9b2e-3e7b-4e94-a064-ae358b045432,2ac92273-723b-47a5-9937-ca0595e7a399,Institution closure,,institution_closure,2024-08-19,"August 25, 2024",443,,confirmed,5fb36cb6-d0e7-460b-ab74-bf98f04c670b,"Closed due to declining enrollment (from 2,000 to 443 students over decade) and financial challenges. Final classes held August 25, 2024.",2025-08-05T02:27:17Z,2025-08-05T02:27:17Z
f2ed73b4-f1df-45bf-a97f-c9fbb9a2abc8,edd9de38-c4f0-4876-921f-d6c0fe87f9c9,Staff positions across multiple departments,,staff_layoff,2024-08-15,,,10,confirmed,689fce91-1138-4a9c-892b-7ffe97db1132,"10 staff positions eliminated immediately due to enrollment decline attributed to protests, negative publicity, national enrollment trends, and FAFSA delays",2025-07-10T18:34:36Z,2025-07-10T19:42:55Z
c25b2054-ae9f-451b-a39f-dfe8fc8d240b,9c401648-9b07-4a15-9137-ade6fc7bb8ee,Cost-saving measures,,staff_layoff,2024-08-09,Fall 2024,,57,confirmed,b7c40121-715d-452b-b967-41fa0399013b,"Institution-wide faculty/staff layoffs (57 faculty + 32 staff) due to budget crisis, following prior cost-cutting measures including hiring freeze and position eliminations.",2025-07-10T19:32:02Z,2025-07-10T19:32:02Z
d55772e6-a1e1-49c1-975f-998b68dd83f9,b8c66b13-3399-44cb-999a-d5b4704970fb,Institution closure,,institution_closure,2024-06-30,Summer 2024,150,35,confirmed,91187f80-7e45-41f8-b857-2d6a9ad417be,Florida campus closed due to declining enrollment (from 350 to 150 students) and increasing operating deficits despite turnaround efforts.,2025-08-05T02:22:53Z,2025-08-05T02:22:53Z
5b709b30-0162-4bf2-b3a0-8ab937113b18,a1e9cf5e-1c1d-423f-9b15-0b1db4aeb082,Cut to operating budget,,staff_layoff,2024-06-26,,,14,confirmed,61dcf74a-f641-4d98-bee7-67279a8ae40b,"Layoffs of 12 staff and 2 faculty, with up to 50 positions left unfilled due to budget cuts linked to FAFSA complications and enrollment declines.",2025-07-10T18:28:16Z,2025-07-10T18:28:16Z
81c1dbb8-6371-4adc-81ab-22245ab7708c,c4603ecc-3a77-49f4-a190-9d2b6cb668bc,Chemistry,40.0501,program_suspension,2024-06-25,Fall 2024,,,confirmed,b5171ae1-5e33-49c7-9397-cd9a43b3dce5,Chemistry program suspended alongside forensic biology and child/family studies due to low enrollment and institutional restructuring. Existing students will complete degrees.,2025-07-10T18:21:58Z,2025-07-10T18:21:58Z
e35d0ad7-036f-409d-8420-f7f96b37be90,d4098327-bb3b-452c-b89c-7c48bd0808a8,Institution closure,,institution_closure,2024-06-25,Spring 2025,,125,confirmed,c801c96d-facf-495e-9569-f0b94b73c5a6,"Closure due to financial deficits and enrollment declines, with phased cessation of academic activities through May 2025[2][10].",2025-07-10T18:12:54Z,2025-09-02T13:42:20Z
42787cd6-75a7-4f81-96f4-fbb1fd985836,d890e29c-5e8f-4bbe-9c79-bc5887a0de0e,Institution closure,,institution_closure,2024-06-21,June 2024,2800,646,confirmed,4c650955-d6b9-4c46-b1db-e84be8535cc0,"103-year-old Catholic college closed due to financial difficulties and declining enrollment, with $11.3M projected deficit",2025-08-05T01:35:16Z,2025-08-05T01:36:46Z
0ce56c5b-d657-429b-93f4-3fe1a5f42190,66cc3311-39b1-4b7b-8029-ef67854528b1,Institution closure,,institution_closure,2024-06-20,Summer 2024,,,confirmed,218fd96a-3f4b-4ba5-8021-52ec6b65648c,"Voluntary accreditation surrender due to financial collapse, unpaid wages, $4.3M federal fine, and eviction. Teach-out agreements with Antioch/Lasell universities.",2025-07-10T18:01:19Z,2025-07-10T18:01:19Z
d5e5d261-df6d-431b-9b59-674cac0863cf,77345e9b-e601-49cb-a9f9-0c6525722eaf,Multiple academic programs,,program_suspension,2024-06-20,Summer 2025,,,confirmed,7a680471-ae57-4b86-a8b9-693fc33cda47,"Facing $9M deficit, reducing campus programs from 53 to 9 (medical fields only) and online from 60 to 7 (education fields). Students must transfer to Wisconsin campus or finish online.",2025-07-09T21:05:55Z,2025-07-09T21:05:55Z
ea1d0115-d4b7-4e3f-9f2b-0839f00fb31b,3da2cc3f-5d81-49a0-8538-8a5420d1baf4,14 undergraduate majors eliminated,,department_closure,2024-06-17,Fall 2024,,37,confirmed,7303be57-20c5-4391-9aa7-f6d0bc4fbb7c,"College declared financial exigency; cutting 14 majors, 25 faculty, 12 staff.",2025-06-29T16:05:03Z,2025-06-29T16:05:03Z
444752d0-eb18-424e-b04d-c942b5d060cc,a412a8b1-c582-449f-97d5-067bf1be116f,Institution closure,,institution_closure,2024-06-10,"August 9, 2024",1066,,confirmed,9a147c89-502b-48bc-9a31-a122fba58ce7,"College closed due to financial difficulties, declining enrollment, and accreditation issues. MSCHE placed school on probation citing ethics and governance concerns.",2025-08-05T01:46:01Z,2025-08-05T01:46:01Z
4b59e5fa-2e99-40d4-a45f-0cbc7914d498,8ac456b6-7dd6-4c2c-b0cb-e87b73e8711d,Expenses cut in all departments and divisions,,staff_layoff,2024-06-03,,,53,confirmed,538966b3-9506-4724-8396-41551497081b,"Albright College eliminated 53 positions (29 current staff/faculty, 10 vacant staff, 14 vacant faculty) due to $20.3M deficit and declining enrollment.",2025-07-09T22:26:51Z,2025-07-09T22:26:51Z
020a99e8-7c1e-4dbb-9e50-a14fcb659694,6b1826f0-2a7a-4f91-8c8f-b2a7fa3db01d,"12 undergraduate majors, 25 minors, 5 graduate programs",,program_suspension,2024-05-31,,,40,confirmed,74e9f4f2-a850-41ca-9662-d59ece6f008d,"Restructuring due to financial challenges including 15% enrollment decline (2017-2022) and $8.6M deficit (2023). Affected programs include music physics, religious studies, Spanish, special education, and theater.",2025-07-10T18:18:18Z,2025-07-10T18:18:18Z
be65990e-7dbe-4a2d-88c1-33d56d72c664,9acaf5d1-50e3-42be-adf3-9f78c8fcd153,Institution closure,,institution_closure,2024-05-31,Summer 2024,,600,confirmed,f257253b-906e-4635-8c06-522db2b87640,"Sudden closure announced on May 31, 2024, effective June 7, 2024, due to financial instability and declining enrollment. Filed Chapter 7 bankruptcy in September 2024 to liquidate assets.",2025-07-10T19:28:27Z,2025-09-02T13:46:10Z
88384180-2c5c-40de-bf0c-18e3a52a45ca,b68ca43f-94af-4094-95e8-9a8ba3585cf3,Early Childhood Center,,department_closure,2024-05-24,,,,confirmed,a4a99bf7-8919-428e-9de8-8cd3cc84a965,Eliminated 6 staff positions through center closure plus 5 other staff cuts due to $19M operating deficit and declining enrollment,2025-07-09T22:32:26Z,2025-07-09T22:32:26Z
f1a427a7-f15c-4b49-be2a-de52d6a26a97,9feafc79-8a16-48b8-a9a6-5b6da0ed11cb,37 degree/certificate programs deactivated,,department_closure,2024-05-23,Spring 2025,,,confirmed,25d8ca0e-3a06-4b04-9fd5-382d4e44a31a,Part of financial-sustainability framework; current students may finish but no new admits.,2025-06-29T16:05:03Z,2025-06-29T16:05:03Z
fb70100e-9359-4707-821d-1820d59b4382,290dc6e6-2c06-441d-8abd-3ef70011a150,Institution closure,,institution_closure,2024-05-23,July 2024,107,25,confirmed,5bebb026-416f-4152-9435-eb47dc084645,"27-year-old art school closed due to declining enrollment, financial struggles, and FAFSA rollout issues. Had teach-out agreements with PA colleges.",2025-08-05T02:34:47Z,2025-08-05T02:34:47Z
caadd5d1-f610-4d9c-ac36-14b329f389d5,d883a05c-3ed4-4857-8508-87f52282638e,All Registration and Enrollment,,institution_closure,2024-05-15,Fall 2024,,,confirmed,6f8046aa-2662-48e3-894c-912bf30e7854,"Financial irregularities and loss of federal funding led to closure. Teach-out plans with 12+ institutions established. Final graduation August 2024, dissolution October 31, 2024.",2025-07-09T21:16:00Z,2025-07-09T21:24:15Z
edbf768e-6e58-4a65-9619-97ab281631fd,fdd10064-c625-4c2a-ad5c-e409d5ca88e2,Music Department and ≈41 additional majors/minors,,department_closure,2024-05-13,Fall 2025,,,confirmed,85fd0036-350e-4499-ac3a-465c41bd5885,SCSU recommended eliminating the entire Music dept plus 41 other programs amid budget crisis.,2025-06-29T16:05:03Z,2025-06-29T16:05:03Z
60b59850-0a33-4bec-bec9-9fa5877fbb66,1dd80263-adaa-4efd-aa6a-ef565e7c53c3,Institution closure,,institution_closure,2024-05-09,Spring 2024,975,200,confirmed,a15f9222-31b2-4fd9-8bcb-3c0d2ec0bac6,168-year-old Methodist-affiliated liberal arts college closed due to financial distress after failed attempts to secure state funding and declining enrollment.,2025-08-05T02:40:57Z,2025-08-05T02:40:57Z
86b29618-f025-4b2a-868a-81a5153aee08,c4c6c32f-205b-44b2-aa07-65dda9df2913,Commonwealth Campuses Administrative Restructuring,,staff_layoff,2024-05-08,Fall 2024,,383,confirmed,33b1a9be-1a33-4287-80fc-3f36fe4427cc,"Voluntary buyouts accepted by 383 employees (10% of workforce) across 20 Commonwealth Campuses, combined with consolidation of 11 campuses under 4 regional chancellors to address $49M budget deficit",2025-07-10T19:16:48Z,2025-10-12T15:55:43Z
0b957dda-ad24-404e-b4f1-3033512548ea,63b11bf3-9d3c-4c2c-ae6f-c44b82ed0083,Staff layoffs,,staff_layoff,2024-05-01,Summer 2024,,60,confirmed,cb1158ff-ee80-419e-b39a-5b3e678b32c7,"60 full/part-time staff positions eliminated due to financial challenges, enrollment declines, and structural inefficiencies. Adjunct faculty contracts also affected.",2025-09-02T13:47:29Z,2025-09-02T13:47:29Z
be7cb0c7-a80f-4624-bc96-d44b792baab0,49c36625-3ee0-4d7e-89b3-a84ab6c321a1,"Multiple academic programs (20 discontinued, 21 suspended)",,program_suspension,2024-05-01,,,,confirmed,ce98e80c-bf39-49dd-a798-449eabe8ea55,"Part of 'right sizing' effort to address $20M deficit. Includes programs in Liberal Arts, Social Sciences, and Public Affairs. Additional 22 programs paused for review.",2025-10-03T19:52:47Z,2025-10-03T19:52:47Z
4b8c20c3-cabf-45da-a2c3-4164dcb4bb1d,a5d8c0c1-3348-42dc-a75a-335d2cad3832,Institution closure,,institution_closure,2024-04-29,Spring 2024,357,38,confirmed,a5dac787-0edb-40d3-8af8-b6c123b6b54f,"156-year-old liberal arts college closed due to financial challenges, declining enrollment, and inadequate resources for long-term stability. Operations ceased June 30, 2024.",2025-08-05T01:22:07Z,2025-08-05T01:22:07Z
3bfe7a23-d5d9-47ba-9441-2021c23700a2,d0ecd9cb-c54d-4962-b967-d16c0d0c848d,Institution closure,,institution_closure,2024-04-25,Spring 2024,232,,confirmed,8dc90a63-4350-4a0e-a85d-f37fc47b5dbf,"Steep shortfall in operating cash due to extraordinary inflation, salary increases, and high institutional financial aid. Filed for bankruptcy.",2025-08-05T01:29:36Z,2025-08-05T01:29:36Z
2192e8d8-a0b8-4eac-93bd-20955a9018f9,adcc7d77-c4b0-4373-a28a-6d6561479fde,Institution closure,,institution_closure,2024-04-09,Spring 2024,220,64,confirmed,f2281b88-4e9f-43bd-9c96-f96cbe671cdc,"Enrollment declined from 1,900+ in 1970s to 220 students. Cited declining enrollment, financial insolvency, demographic shifts, and changing educational preferences as factors.",2025-08-05T02:30:25Z,2025-08-05T02:30:25Z
f8719ed6-0645-472f-a8f2-f5f74512ee50,414f6aa7-b3f5-45bd-be33-e6ede5f88028,Office of Campus Resources and Support,,staff_layoff,2024-04-09,Spring 2024,,20,confirmed,4d320995-0c3b-479a-8a6d-94291a825824,Eliminated to comply with Texas Senate Bill 17 banning DEI programs at public universities. OCRS was created after DEI office closure but deemed non-compliant.,2025-09-02T12:54:21Z,2025-09-02T12:54:21Z
44c7b211-adf7-4d65-8db7-ef0bdced7625,160d0a0f-86bc-4f97-b5ed-06eb22361b1a,"Diversity, Equity, and Inclusion (DEI) offices and Division of Campus and Community Engagement",,staff_layoff,2024-04-02,,,60,confirmed,ecd2a28b-851a-4683-a606-8499ca718863,~60 staff layoffs due to Texas SB 17 banning DEI programs; 13 faculty + 14 demoted deans affected,2025-09-02T12:51:35Z,2025-09-02T12:51:35Z
46d51cc7-44a8-4a3c-bb25-e500c31e4040,7b2e57bd-2018-4ad3-a752-d13502d9ae8b,Writing Program,,staff_layoff,2024-04-01,Fall 2024,,29,confirmed,da864ed2-a156-41e7-8d7a-e8625166dc60,29 of 31 Writing Program lecturers laid off; class sizes increased from 22 to 24 students; over 1000 student seats in upper-division writing courses eliminated,2025-09-02T13:02:54Z,2025-09-02T13:02:54Z
143dc66d-2fb4-41df-9085-54c07e0ae30b,d8bb071d-fb5a-4680-b298-d0edf675ccec,Institution closure,,institution_closure,2024-03-28,Spring 2024,429,,confirmed,256057ff-ffab-43b4-8725-f0aa072e9377,"Healthcare-focused institution, formerly Resurrection University, faced declining enrollment and accreditation challenges with nursing programs",2025-08-05T01:57:26Z,2025-08-05T01:57:26Z
58765247-c47f-48c8-b1e5-6207f9d81a0e,12faaae3-20d0-4783-a071-0ed3bd1f1190,Institution closure,,institution_closure,2024-03-23,Spring 2024,1500,,confirmed,f7f2bc2c-0c85-440d-9aae-72ab325ff3ee,Due to decline in enrollment and financial challenges. Campus ownership transferred to Villanova University. Students provided transfer options to partner institutions.,2025-08-05T02:38:00Z,2025-08-05T02:38:00Z
61bd41db-1642-43d3-8b6a-2e68797ed467,e7f4b085-2203-4140-8237-c23f59b01e20,Jet Propulsion Laboratory workforce reduction,,staff_layoff,2024-03-12,,,521,confirmed,fef8b4e0-997f-4389-a8e5-69a584ed9058,"JPL laid off employees (8% of workforce) due to NASA budget constraints, particularly Mars Sample Return mission funding cuts. Second round of 2024 layoffs.",2025-09-02T12:45:06Z,2025-09-02T12:47:07Z
5d923f9f-6443-4d1c-898c-e8b0f936fc6f,75636ed0-b3b5-47b3-945c-add53920e5f9,All programs,,institution_closure,2024-03-11,Summer 2025,874,,confirmed,adb582c9-9bd4-41a6-9089-7e54171e45b3,Entire institution shutting down; campus being sold to Washington University.,2025-06-23T02:23:56Z,2025-06-23T02:23:56Z
b83c2f4a-eb85-4fa8-8167-8db210c2e445,b1c96cbf-f252-4f7c-a022-4975cde74cce,All programs,,campus_closure,2024-03-11,Spring 2025,,100,confirmed,5413d7e1-6aee-4b72-aa34-73f22e43fa2c,Branch campus closing after Spring 2025 semester.,2025-06-23T02:23:56Z,2025-06-23T02:23:56Z
fae7e9d4-578a-445e-8848-98f2f74a8f7c,57afa6e2-b64a-4284-af2c-997a677313ed,"28 programs (including theology, public health, international relations, cybersecurity)",,program_suspension,2024-03-04,Spring 2027,,,confirmed,bc7a84b5-ee52-4e87-a723-efb464532cd8,18 undergraduate and 10 graduate programs under review affecting ~3% of undergrads. Final decisions expected by Fall 2024 with 'limited' faculty reductions.,2025-07-09T22:18:30Z,2025-07-09T22:18:30Z
f07df735-ef7c-4253-947a-f47b2ab3c2b3,da313fce-e91f-42e7-b4f6-ee58e06be794,Master of Accountancy and Master of Public Administration,,program_suspension,2024-03-01,,,,confirmed,3552a52c-998b-4784-bde1-595f70b187d5,"Academic program reviews announced by Provost Sue Mattison as follow-up to President Martin's Feb 7 message, explicitly naming these graduate programs in official communications [1][3].",2025-07-09T22:14:25Z,2025-07-09T22:14:25Z
4cc42806-79f2-44e9-b45f-892d91dbe635,b2d69ba9-c5b6-4015-a48e-5ad1df108bf4,Institution closure,,institution_closure,2024-02-29,Spring 2024,1050,,confirmed,0243d84d-5937-4e2e-ad8a-faf74c524a33,"Roman Catholic college closed due to declining enrollment (37% drop 2014-2022), rising costs, significant debt, and failed merger with Cleveland State University. Teach-out agreements established.",2025-08-05T02:10:58Z,2025-08-05T02:10:58Z
f212185a-a3db-4e6d-8571-9e7c9da9a77b,d8c2619d-0842-4af5-a484-6527b7211c04,Institution closure,,institution_closure,2024-02-29,Spring 2024,,,confirmed,220425c5-0889-4d21-8f4c-3c2b2d3bcc76,"California Bureau for Private Postsecondary Education issued emergency shutdown order due to financial insolvency, administrative failures, and facility inadequacies. All degree programs terminated by March 8, 2024.",2025-07-09T22:10:15Z,2025-07-09T22:10:15Z
2f2769df-3876-4fbf-9383-dbe8797de526,78b9b0ad-952c-4897-8431-19cbf5d90d70,Institution closure,,institution_closure,2024-02-15,Fall 2024,,,confirmed,1cc69348-a842-4685-8e39-6940cacd4272,"Board of Regents voted to cease operations by 2028 with no new admissions starting Fall 2024, citing regional instability and institutional priorities[1][5].",2025-07-09T21:35:59Z,2025-07-09T21:35:59Z
cbe1ebdc-8abe-470a-958a-2c4da8243235,28f6ebbf-8032-468a-9d05-2a8e43d2fb7b,Multiple academic programs and administrative positions,,staff_layoff,2024-02-13,,,22,confirmed,adb7de3f-26b5-460b-84be-59338293705f,"Restructuring includes elimination of 10 academic programs (Asian studies, environmental engineering, linguistics, etc.) and layoffs of 22 faculty + 14 administrators, with 13 positions left vacant. Driven by enrollment declines and financial pressures.",2025-07-09T21:49:08Z,2025-07-09T21:49:08Z
b11960b1-2f4d-4aa0-b606-ad149c35933f,e14586b8-1783-43e2-8013-4366e09ce172,"Anthropology, BA",,program_suspension,2024-02-04,Fall 2024,,,confirmed,894f2b0c-6c58-4737-8d42-37b1dcddff0c,"Part of 20 programs eliminated due to enrollment declines and budget deficits; current students can complete degrees. Includes undergraduate majors (anthropology, physics), minors (Chinese), and graduate programs.",2025-07-09T22:06:24Z,2025-07-09T22:06:24Z
26f5600e-b49b-4904-9775-26765b0a4614,2592815e-ed25-4445-844f-cfa43bf0e90c,Institution closure,,institution_closure,2024-02-01,February 2025,,,confirmed,0923eca2-f94b-4414-abb8-29b1b1f7c37c,"Closure due to declining enrollment, financial fragility, and expanding government regulations. Current students taught out until final closure.",2025-07-09T21:25:52Z,2025-07-09T21:25:52Z
52febcda-46b1-4b9d-8764-5332daf28a5b,c508f142-473e-446f-bede-f5fe796b0474,In-person Instruction at Marinette Campus,,program_suspension,2024-01-22,Fall 2024,,,confirmed,3da3eef7-6f69-4080-9b61-6f791f1b8079,"UW-Green Bay ended all in-person instruction at its Marinette branch campus due to persistent enrollment declines, transitioning to exclusively online delivery while maintaining community engagement initiatives.",2025-07-09T21:31:23Z,2025-07-09T21:31:23Z
d82dfa0e-5333-4e20-acd7-3213c0a4f442,3a530771-07e5-4940-b8bb-cfb90a1a06b1,Museum of Art,,department_closure,2024-01-16,Spring 2024,,,confirmed,02cf8bc1-a97a-4760-9f97-840a3bd4301c,Permanent closure due to $14M budget cuts. Part of College of Liberal Arts reductions eliminating 12 staff. Museum served academic/community functions including student curation programs and public exhibitions.,2025-07-09T21:55:24Z,2025-07-09T21:55:24Z
6ff545e3-3331-483f-95ae-a889e22b44e9,cba1717e-3b77-43d3-a3ad-6cba6fcf5370,Athletics Program,,department_closure,2023-03-20,Spring 2023,,50,confirmed,1672c93f-2ade-4f8b-9b37-a850ae807736,Eliminated entire NCAA Division I athletics program with 21 sports teams due to COVID-19 financial impact; program operated at annual loss of 10% of college budget,2025-09-02T14:06:22Z,2025-09-02T14:06:22Z
