year,survey,description,table_name,data_url,dictionary_url
2014,Admissions and Test Scores,"Admission considerations, applications, admissions, enrollees and test scores, fall 2014 (revised January 2017)",ADM2014,https://nces.ed.gov/ipeds/datacenter/data/ADM2014.zip,https://nces.ed.gov/ipeds/datacenter/ADM2014_STATA
2014,Employees by Assigned Position,"Number of staff by occupational category, faculty and tenure status: Fall 2014 (revised January 2017)",EAP2014,https://nces.ed.gov/ipeds/datacenter/data/EAP2014.zip,https://nces.ed.gov/ipeds/datacenter/EAP2014_STATA
2014,12-Month Enrollment,12-month unduplicated headcount: 2013-14 (revised August 2016),EFFY2014,https://nces.ed.gov/ipeds/datacenter/data/EFFY2014.zip,https://nces.ed.gov/ipeds/datacenter/EFFY2014_STATA
2014,12-Month Enrollment,12-month instructional activity: 2013-14 (revised August 2016),EFIA2014,https://nces.ed.gov/ipeds/datacenter/data/EFIA2014.zip,https://nces.ed.gov/ipeds/datacenter/EFIA2014_STATA
2014,Finance,Public institutions - GASB 34/35: Fiscal year 2014 (revised January 2017),F1314_F1A,https://nces.ed.gov/ipeds/datacenter/data/F1314_F1A.zip,https://nces.ed.gov/ipeds/datacenter/F1314_F1A_STATA
2014,Finance,Private not-for-profit institutions or Public institutions using FASB: Fiscal year 2014 (revised January 2017),F1314_F2,https://nces.ed.gov/ipeds/datacenter/data/F1314_F2.zip,https://nces.ed.gov/ipeds/datacenter/F1314_F2_STATA
2014,Finance,Private for-profit institutions: Fiscal year 2014 (revised January 2017),F1314_F3,https://nces.ed.gov/ipeds/datacenter/data/F1314_F3.zip,https://nces.ed.gov/ipeds/datacenter/F1314_F3_STATA
2014,Institutional Characteristics,Response status for all survey components (revised August 2016),FLAGS2014,https://nces.ed.gov/ipeds/datacenter/data/FLAGS2014.zip,https://nces.ed.gov/ipeds/datacenter/FLAGS2014_STATA
2014,12-Month Enrollment,Response status for all survey components (revised August 2016),FLAGS2014,https://nces.ed.gov/ipeds/datacenter/data/FLAGS2014.zip,https://nces.ed.gov/ipeds/datacenter/FLAGS2014_STATA
2014,Admissions and Test Scores,Response status for all survey components (revised January 2017),FLAGS2014,https://nces.ed.gov/ipeds/datacenter/data/FLAGS2014.zip,https://nces.ed.gov/ipeds/datacenter/FLAGS2014_STATA
2014,Fall Enrollment,Response status for all survey components (revised January 2017),FLAGS2014,https://nces.ed.gov/ipeds/datacenter/data/FLAGS2014.zip,https://nces.ed.gov/ipeds/datacenter/FLAGS2014_STATA
2014,Completions,Response status for all survey components (revised August 2016),FLAGS2014,https://nces.ed.gov/ipeds/datacenter/data/FLAGS2014.zip,https://nces.ed.gov/ipeds/datacenter/FLAGS2014_STATA
2014,Instructional Staff/Salaries,Response status for all survey components (revised January 2017),FLAGS2014,https://nces.ed.gov/ipeds/datacenter/data/FLAGS2014.zip,https://nces.ed.gov/ipeds/datacenter/FLAGS2014_STATA
2014,Fall Staff,Response status for all survey components (revised January 2017),FLAGS2014,https://nces.ed.gov/ipeds/datacenter/data/FLAGS2014.zip,https://nces.ed.gov/ipeds/datacenter/FLAGS2014_STATA
2014,Employees by Assigned Position,Response status for all survey components (revised January 2017),FLAGS2014,https://nces.ed.gov/ipeds/datacenter/data/FLAGS2014.zip,https://nces.ed.gov/ipeds/datacenter/FLAGS2014_STATA
2014,Finance,Response status for all survey components (revised January 2017),FLAGS2014,https://nces.ed.gov/ipeds/datacenter/data/FLAGS2014.zip,https://nces.ed.gov/ipeds/datacenter/FLAGS2014_STATA
2014,Student Financial Aid and Net Price,Response status for all survey components (revised January 2017),FLAGS2014,https://nces.ed.gov/ipeds/datacenter/data/FLAGS2014.zip,https://nces.ed.gov/ipeds/datacenter/FLAGS2014_STATA
2014,Graduation Rates,Response status for all survey components (revised January 2017),FLAGS2014,https://nces.ed.gov/ipeds/datacenter/data/FLAGS2014.zip,https://nces.ed.gov/ipeds/datacenter/FLAGS2014_STATA
2014,Academic Libraries,Response status for all survey components (revised January 2017),FLAGS2014,https://nces.ed.gov/ipeds/datacenter/data/FLAGS2014.zip,https://nces.ed.gov/ipeds/datacenter/FLAGS2014_STATA
2014,Institutional Characteristics,Directory information,HD2014,https://nces.ed.gov/ipeds/datacenter/data/HD2014.zip,https://nces.ed.gov/ipeds/datacenter/HD2014_STATA
2014,Institutional Characteristics,"Educational offerings, organization, services and athletic associations (revised August 2016)",IC2014,https://nces.ed.gov/ipeds/datacenter/data/IC2014.zip,https://nces.ed.gov/ipeds/datacenter/IC2014_STATA
2014,Instructional Staff/Salaries,"Number and salary outlays for full-time nonmedical instructional staff, by gender, and academic rank: Academic year 2014-15 (revised January 2017)",SAL2014_IS,https://nces.ed.gov/ipeds/datacenter/data/SAL2014_IS.zip,https://nces.ed.gov/ipeds/datacenter/SAL2014_IS_STATA
2014,Instructional Staff/Salaries,"Number and salary outlays for full-time nonmedical noninstructional staff, by occupation: Academic year 2014-15 (revised January 2017)",SAL2014_NIS,https://nces.ed.gov/ipeds/datacenter/data/SAL2014_NIS.zip,https://nces.ed.gov/ipeds/datacenter/SAL2014_NIS_STATA
2014,Student Financial Aid and Net Price,Student financial aid and net price: 2013-14 (revised January 2017),SFA1314,https://nces.ed.gov/ipeds/datacenter/data/SFA1314.zip,https://nces.ed.gov/ipeds/datacenter/SFA1314_STATA
2015,Admissions and Test Scores,"Admission considerations, applications, admissions, enrollees and test scores, fall 2015 (revised January 2018)",ADM2015,https://nces.ed.gov/ipeds/datacenter/data/ADM2015.zip,https://nces.ed.gov/ipeds/datacenter/ADM2015_STATA
2015,Employees by Assigned Position,"Number of staff by occupational category, faculty and tenure status: Fall 2015 (revised January 2018)",EAP2015,https://nces.ed.gov/ipeds/datacenter/data/EAP2015.zip,https://nces.ed.gov/ipeds/datacenter/EAP2015_STATA
2015,12-Month Enrollment,12-month unduplicated headcount: 2014-15 (revised November 2017),EFFY2015,https://nces.ed.gov/ipeds/datacenter/data/EFFY2015.zip,https://nces.ed.gov/ipeds/datacenter/EFFY2015_STATA
2015,12-Month Enrollment,12-month instructional activity: 2014-15 (revised November 2017),EFIA2015,https://nces.ed.gov/ipeds/datacenter/data/EFIA2015.zip,https://nces.ed.gov/ipeds/datacenter/EFIA2015_STATA
2015,Finance,Public institutions - GASB 34/35: Fiscal year 2015 (revised January 2018),F1415_F1A,https://nces.ed.gov/ipeds/datacenter/data/F1415_F1A.zip,https://nces.ed.gov/ipeds/datacenter/F1415_F1A_STATA
2015,Finance,Private not-for-profit institutions or Public institutions using FASB: Fiscal year 2015 (revised January 2018),F1415_F2,https://nces.ed.gov/ipeds/datacenter/data/F1415_F2.zip,https://nces.ed.gov/ipeds/datacenter/F1415_F2_STATA
2015,Finance,Private for-profit institutions: Fiscal year 2015 (revised January 2018),F1415_F3,https://nces.ed.gov/ipeds/datacenter/data/F1415_F3.zip,https://nces.ed.gov/ipeds/datacenter/F1415_F3_STATA
2015,Institutional Characteristics,Response status for all survey components (revised November 2017),FLAGS2015,https://nces.ed.gov/ipeds/datacenter/data/FLAGS2015.zip,https://nces.ed.gov/ipeds/datacenter/FLAGS2015_STATA
2015,12-Month Enrollment,Response status for all survey components (revised November 2017),FLAGS2015,https://nces.ed.gov/ipeds/datacenter/data/FLAGS2015.zip,https://nces.ed.gov/ipeds/datacenter/FLAGS2015_STATA
2015,Admissions and Test Scores,Response status for all survey components (revised August 2018),FLAGS2015,https://nces.ed.gov/ipeds/datacenter/data/FLAGS2015.zip,https://nces.ed.gov/ipeds/datacenter/FLAGS2015_STATA
2015,Fall Enrollment,Response status for all survey components (revised January 2018),FLAGS2015,https://nces.ed.gov/ipeds/datacenter/data/FLAGS2015.zip,https://nces.ed.gov/ipeds/datacenter/FLAGS2015_STATA
2015,Completions,Response status for all survey components (revised November 2017),FLAGS2015,https://nces.ed.gov/ipeds/datacenter/data/FLAGS2015.zip,https://nces.ed.gov/ipeds/datacenter/FLAGS2015_STATA
2015,Instructional Staff/Salaries,Response status for all survey components (revised August 2018),FLAGS2015,https://nces.ed.gov/ipeds/datacenter/data/FLAGS2015.zip,https://nces.ed.gov/ipeds/datacenter/FLAGS2015_STATA
2015,Fall Staff,Response status for all survey components (revised August 2018),FLAGS2015,https://nces.ed.gov/ipeds/datacenter/data/FLAGS2015.zip,https://nces.ed.gov/ipeds/datacenter/FLAGS2015_STATA
2015,Employees by Assigned Position,Response status for all survey components (revised August 2018),FLAGS2015,https://nces.ed.gov/ipeds/datacenter/data/FLAGS2015.zip,https://nces.ed.gov/ipeds/datacenter/FLAGS2015_STATA
2015,Finance,Response status for all survey components (revised August 2018),FLAGS2015,https://nces.ed.gov/ipeds/datacenter/data/FLAGS2015.zip,https://nces.ed.gov/ipeds/datacenter/FLAGS2015_STATA
2015,Student Financial Aid and Net Price,Response status for all survey components (revised August 2018),FLAGS2015,https://nces.ed.gov/ipeds/datacenter/data/FLAGS2015.zip,https://nces.ed.gov/ipeds/datacenter/FLAGS2015_STATA
2015,Graduation Rates,Response status for all survey components (revised August 2018),FLAGS2015,https://nces.ed.gov/ipeds/datacenter/data/FLAGS2015.zip,https://nces.ed.gov/ipeds/datacenter/FLAGS2015_STATA
2015,Outcome Measures,Response status for all survey components (revised August 2018),FLAGS2015,https://nces.ed.gov/ipeds/datacenter/data/FLAGS2015.zip,https://nces.ed.gov/ipeds/datacenter/FLAGS2015_STATA
2015,Academic Libraries,Response status for all survey components (revised August 2018),FLAGS2015,https://nces.ed.gov/ipeds/datacenter/data/FLAGS2015.zip,https://nces.ed.gov/ipeds/datacenter/FLAGS2015_STATA
2015,Institutional Characteristics,Directory information,HD2015,https://nces.ed.gov/ipeds/datacenter/data/HD2015.zip,https://nces.ed.gov/ipeds/datacenter/HD2015_STATA
2015,Institutional Characteristics,"Educational offerings, organization, services and athletic associations (revised November 2017)",IC2015,https://nces.ed.gov/ipeds/datacenter/data/IC2015.zip,https://nces.ed.gov/ipeds/datacenter/IC2015_STATA
2015,Instructional Staff/Salaries,"Number and salary outlays for full-time nonmedical instructional staff, by gender, and academic rank: Academic year 2015-16 (revised January 2018)",SAL2015_IS,https://nces.ed.gov/ipeds/datacenter/data/SAL2015_IS.zip,https://nces.ed.gov/ipeds/datacenter/SAL2015_IS_STATA
2015,Instructional Staff/Salaries,"Number and salary outlays for full-time nonmedical noninstructional staff, by occupation: Academic year 2015-16 (revised January 2018)",SAL2015_NIS,https://nces.ed.gov/ipeds/datacenter/data/SAL2015_NIS.zip,https://nces.ed.gov/ipeds/datacenter/SAL2015_NIS_STATA
2015,Student Financial Aid and Net Price,Student financial aid and net price: 2014-15 (revised January 2018),SFA1415,https://nces.ed.gov/ipeds/datacenter/data/SFA1415.zip,https://nces.ed.gov/ipeds/datacenter/SFA1415_STATA
2016,Admissions and Test Scores,"Admission considerations, applications, admissions, enrollees and test scores, fall 2016 (revised December 2018)",ADM2016,https://nces.ed.gov/ipeds/datacenter/data/ADM2016.zip,https://nces.ed.gov/ipeds/datacenter/ADM2016_STATA
2016,Employees by Assigned Position,"Number of staff by occupational category, faculty and tenure status: Fall 2016 (revised December 2018)",EAP2016,https://nces.ed.gov/ipeds/datacenter/data/EAP2016.zip,https://nces.ed.gov/ipeds/datacenter/EAP2016_STATA
2016,12-Month Enrollment,12-month unduplicated headcount: 2015-16 (revised August 2018),EFFY2016,https://nces.ed.gov/ipeds/datacenter/data/EFFY2016.zip,https://nces.ed.gov/ipeds/datacenter/EFFY2016_STATA
2016,12-Month Enrollment,12-month instructional activity: 2015-16 (revised August 2018),EFIA2016,https://nces.ed.gov/ipeds/datacenter/data/EFIA2016.zip,https://nces.ed.gov/ipeds/datacenter/EFIA2016_STATA
2016,Finance,Public institutions - GASB 34/35: Fiscal year 2016 (revised December 2018),F1516_F1A,https://nces.ed.gov/ipeds/datacenter/data/F1516_F1A.zip,https://nces.ed.gov/ipeds/datacenter/F1516_F1A_STATA
2016,Finance,Private not-for-profit institutions or Public institutions using FASB: Fiscal year 2016 (revised December 2018),F1516_F2,https://nces.ed.gov/ipeds/datacenter/data/F1516_F2.zip,https://nces.ed.gov/ipeds/datacenter/F1516_F2_STATA
2016,Finance,Private for-profit institutions: Fiscal year 2016 (revised December 2018),F1516_F3,https://nces.ed.gov/ipeds/datacenter/data/F1516_F3.zip,https://nces.ed.gov/ipeds/datacenter/F1516_F3_STATA
2016,Institutional Characteristics,Response status for all surveys components,FLAGS2016,https://nces.ed.gov/ipeds/datacenter/data/FLAGS2016.zip,https://nces.ed.gov/ipeds/datacenter/FLAGS2016_STATA
2016,12-Month Enrollment,Response status for all survey components (revised August 2018),FLAGS2016,https://nces.ed.gov/ipeds/datacenter/data/FLAGS2016.zip,https://nces.ed.gov/ipeds/datacenter/FLAGS2016_STATA
2016,Admissions and Test Scores,Response status for all survey components (revised December 2018),FLAGS2016,https://nces.ed.gov/ipeds/datacenter/data/FLAGS2016.zip,https://nces.ed.gov/ipeds/datacenter/FLAGS2016_STATA
2016,Fall Enrollment,Response status for all survey components (revised December 2018),FLAGS2016,https://nces.ed.gov/ipeds/datacenter/data/FLAGS2016.zip,https://nces.ed.gov/ipeds/datacenter/FLAGS2016_STATA
2016,Completions,Response status for all survey components (revised August 2018),FLAGS2016,https://nces.ed.gov/ipeds/datacenter/data/FLAGS2016.zip,https://nces.ed.gov/ipeds/datacenter/FLAGS2016_STATA
2016,Instructional Staff/Salaries,Response status for all survey components (revised December 2018),FLAGS2016,https://nces.ed.gov/ipeds/datacenter/data/FLAGS2016.zip,https://nces.ed.gov/ipeds/datacenter/FLAGS2016_STATA
2016,Fall Staff,Response status for all survey components (revised December 2018),FLAGS2016,https://nces.ed.gov/ipeds/datacenter/data/FLAGS2016.zip,https://nces.ed.gov/ipeds/datacenter/FLAGS2016_STATA
2016,Employees by Assigned Position,Response status for all survey components (revised December 2018),FLAGS2016,https://nces.ed.gov/ipeds/datacenter/data/FLAGS2016.zip,https://nces.ed.gov/ipeds/datacenter/FLAGS2016_STATA
2016,Finance,Response status for all survey components (revised December 2018),FLAGS2016,https://nces.ed.gov/ipeds/datacenter/data/FLAGS2016.zip,https://nces.ed.gov/ipeds/datacenter/FLAGS2016_STATA
2016,Student Financial Aid and Net Price,Response status for all survey components (revised December 2018),FLAGS2016,https://nces.ed.gov/ipeds/datacenter/data/FLAGS2016.zip,https://nces.ed.gov/ipeds/datacenter/FLAGS2016_STATA
2016,Graduation Rates,Response status for all survey components (revised December 2018),FLAGS2016,https://nces.ed.gov/ipeds/datacenter/data/FLAGS2016.zip,https://nces.ed.gov/ipeds/datacenter/FLAGS2016_STATA
2016,Outcome Measures,Response status for all survey components (revised December 2018),FLAGS2016,https://nces.ed.gov/ipeds/datacenter/data/FLAGS2016.zip,https://nces.ed.gov/ipeds/datacenter/FLAGS2016_STATA
2016,Academic Libraries,Response status for all survey components (revised December 2018),FLAGS2016,https://nces.ed.gov/ipeds/datacenter/data/FLAGS2016.zip,https://nces.ed.gov/ipeds/datacenter/FLAGS2016_STATA
2016,Institutional Characteristics,Directory information,HD2016,https://nces.ed.gov/ipeds/datacenter/data/HD2016.zip,https://nces.ed.gov/ipeds/datacenter/HD2016_STATA
2016,Institutional Characteristics,"Educational offerings, organization, services and athletic associations (revised August 2018)",IC2016,https://nces.ed.gov/ipeds/datacenter/data/IC2016.zip,https://nces.ed.gov/ipeds/datacenter/IC2016_STATA
2016,Instructional Staff/Salaries,"Number and salary outlays for full-time nonmedical instructional staff, by gender, and academic rank: Academic year 2016-17 (revised December 2018)",SAL2016_IS,https://nces.ed.gov/ipeds/datacenter/data/SAL2016_IS.zip,https://nces.ed.gov/ipeds/datacenter/SAL2016_IS_STATA
2016,Instructional Staff/Salaries,"Number and salary outlays for full-time nonmedical noninstructional staff, by occupation: Academic year 2016-17 (revised December 2018)",SAL2016_NIS,https://nces.ed.gov/ipeds/datacenter/data/SAL2016_NIS.zip,https://nces.ed.gov/ipeds/datacenter/SAL2016_NIS_STATA
2016,Student Financial Aid and Net Price,Student financial aid and net price: 2015-16 (revised December 2018),SFA1516,https://nces.ed.gov/ipeds/datacenter/data/SFA1516.zip,https://nces.ed.gov/ipeds/datacenter/SFA1516_STATA
2017,Admissions and Test Scores,"Admission considerations, applications, admissions, enrollees and test scores, fall 2017 (revised October 2019)",ADM2017,https://nces.ed.gov/ipeds/datacenter/data/ADM2017.zip,https://nces.ed.gov/ipeds/datacenter/ADM2017_STATA
2017,Employees by Assigned Position,"Number of staff by occupational category, faculty and tenure status: Fall 2017 (revised October 2019)",EAP2017,https://nces.ed.gov/ipeds/datacenter/data/EAP2017.zip,https://nces.ed.gov/ipeds/datacenter/EAP2017_STATA
2017,12-Month Enrollment,12-month unduplicated headcount: 2016-17 (revised August 2019),EFFY2017,https://nces.ed.gov/ipeds/datacenter/data/EFFY2017.zip,https://nces.ed.gov/ipeds/datacenter/EFFY2017_STATA
2017,12-Month Enrollment,12-month instructional activity: 2016-17 (revised August 2019),EFIA2017,https://nces.ed.gov/ipeds/datacenter/data/EFIA2017.zip,https://nces.ed.gov/ipeds/datacenter/EFIA2017_STATA
2017,Finance,Public institutions - GASB 34/35: Fiscal year 2017 (revised October 2019),F1617_F1A,https://nces.ed.gov/ipeds/datacenter/data/F1617_F1A.zip,https://nces.ed.gov/ipeds/datacenter/F1617_F1A_STATA
2017,Finance,Private not-for-profit institutions or Public institutions using FASB: Fiscal year 2017 (revised October 2019),F1617_F2,https://nces.ed.gov/ipeds/datacenter/data/F1617_F2.zip,https://nces.ed.gov/ipeds/datacenter/F1617_F2_STATA
2017,Finance,Private for-profit institutions: Fiscal year 2017 (revised October 2019),F1617_F3,https://nces.ed.gov/ipeds/datacenter/data/F1617_F3.zip,https://nces.ed.gov/ipeds/datacenter/F1617_F3_STATA
2017,Institutional Characteristics,Response status for all surveys components (revised August 2019),FLAGS2017,https://nces.ed.gov/ipeds/datacenter/data/FLAGS2017.zip,https://nces.ed.gov/ipeds/datacenter/FLAGS2017_STATA
2017,12-Month Enrollment,Response status for all surveys components (revised August 2019),FLAGS2017,https://nces.ed.gov/ipeds/datacenter/data/FLAGS2017.zip,https://nces.ed.gov/ipeds/datacenter/FLAGS2017_STATA
2017,Admissions and Test Scores,Response status for all survey components (revised October 2019),FLAGS2017,https://nces.ed.gov/ipeds/datacenter/data/FLAGS2017.zip,https://nces.ed.gov/ipeds/datacenter/FLAGS2017_STATA
2017,Fall Enrollment,Response status for all survey components (revised October 2019),FLAGS2017,https://nces.ed.gov/ipeds/datacenter/data/FLAGS2017.zip,https://nces.ed.gov/ipeds/datacenter/FLAGS2017_STATA
2017,Completions,Response status for all surveys components (revised August 2019),FLAGS2017,https://nces.ed.gov/ipeds/datacenter/data/FLAGS2017.zip,https://nces.ed.gov/ipeds/datacenter/FLAGS2017_STATA
2017,Instructional Staff/Salaries,Response status for all survey components (revised October 2019),FLAGS2017,https://nces.ed.gov/ipeds/datacenter/data/FLAGS2017.zip,https://nces.ed.gov/ipeds/datacenter/FLAGS2017_STATA
2017,Fall Staff,Response status for all survey components (revised October 2019),FLAGS2017,https://nces.ed.gov/ipeds/datacenter/data/FLAGS2017.zip,https://nces.ed.gov/ipeds/datacenter/FLAGS2017_STATA
2017,Employees by Assigned Position,Response status for all survey components (revised October 2019),FLAGS2017,https://nces.ed.gov/ipeds/datacenter/data/FLAGS2017.zip,https://nces.ed.gov/ipeds/datacenter/FLAGS2017_STATA
2017,Finance,Response status for all survey components (revised October 2019),FLAGS2017,https://nces.ed.gov/ipeds/datacenter/data/FLAGS2017.zip,https://nces.ed.gov/ipeds/datacenter/FLAGS2017_STATA
2017,Student Financial Aid and Net Price,Response status for all survey components (revised October 2019),FLAGS2017,https://nces.ed.gov/ipeds/datacenter/data/FLAGS2017.zip,https://nces.ed.gov/ipeds/datacenter/FLAGS2017_STATA
2017,Graduation Rates,Response status for all survey components (revised October 2019),FLAGS2017,https://nces.ed.gov/ipeds/datacenter/data/FLAGS2017.zip,https://nces.ed.gov/ipeds/datacenter/FLAGS2017_STATA
2017,Outcome Measures,Response status for all survey components (revised October 2019),FLAGS2017,https://nces.ed.gov/ipeds/datacenter/data/FLAGS2017.zip,https://nces.ed.gov/ipeds/datacenter/FLAGS2017_STATA
2017,Academic Libraries,Response status for all survey components (revised October 2019),FLAGS2017,https://nces.ed.gov/ipeds/datacenter/data/FLAGS2017.zip,https://nces.ed.gov/ipeds/datacenter/FLAGS2017_STATA
2017,Institutional Characteristics,Directory information,HD2017,https://nces.ed.gov/ipeds/datacenter/data/HD2017.zip,https://nces.ed.gov/ipeds/datacenter/HD2017_STATA
2017,Institutional Characteristics,"Educational offerings, organization, services and athletic associations (revised August 2019)",IC2017,https://nces.ed.gov/ipeds/datacenter/data/IC2017.zip,https://nces.ed.gov/ipeds/datacenter/IC2017_STATA
2017,Instructional Staff/Salaries,"Number and salary outlays for full-time nonmedical instructional staff, by gender, and academic rank: Academic year 2017-18 (revised October 2019)",SAL2017_IS,https://nces.ed.gov/ipeds/datacenter/data/SAL2017_IS.zip,https://nces.ed.gov/ipeds/datacenter/SAL2017_IS_STATA
2017,Instructional Staff/Salaries,"Number and salary outlays for full-time nonmedical noninstructional staff, by occupation: Academic year 2017-18 (revised October 2019)",SAL2017_NIS,https://nces.ed.gov/ipeds/datacenter/data/SAL2017_NIS.zip,https://nces.ed.gov/ipeds/datacenter/SAL2017_NIS_STATA
2017,Student Financial Aid and Net Price,Student financial aid and net price: 2016-17 (revised October 2019),SFA1617,https://nces.ed.gov/ipeds/datacenter/data/SFA1617.zip,https://nces.ed.gov/ipeds/datacenter/SFA1617_STATA
2018,Admissions and Test Scores,"Admission considerations, applications, admissions, enrollees and test scores, fall 2018 (revised September 2020)",ADM2018,https://nces.ed.gov/ipeds/datacenter/data/ADM2018.zip,https://nces.ed.gov/ipeds/datacenter/ADM2018_STATA
2018,Employees by Assigned Position,"Number of staff by occupational category, faculty and tenure status: Fall 2018 (revised February 2021)",EAP2018,https://nces.ed.gov/ipeds/datacenter/data/EAP2018.zip,https://nces.ed.gov/ipeds/datacenter/EAP2018_STATA
2018,12-Month Enrollment,12-month unduplicated headcount: 2017-18 (revised July 2020),EFFY2018,https://nces.ed.gov/ipeds/datacenter/data/EFFY2018.zip,https://nces.ed.gov/ipeds/datacenter/EFFY2018_STATA
2018,12-Month Enrollment,12-month instructional activity: 2017-18 (revised July 2020),EFIA2018,https://nces.ed.gov/ipeds/datacenter/data/EFIA2018.zip,https://nces.ed.gov/ipeds/datacenter/EFIA2018_STATA
2018,Finance,Public institutions - GASB 34/35: Fiscal year 2018 (revised February 2021),F1718_F1A,https://nces.ed.gov/ipeds/datacenter/data/F1718_F1A.zip,https://nces.ed.gov/ipeds/datacenter/F1718_F1A_STATA
2018,Finance,Private not-for-profit institutions or Public institutions using FASB: Fiscal year 2018 (revised February 2021),F1718_F2,https://nces.ed.gov/ipeds/datacenter/data/F1718_F2.zip,https://nces.ed.gov/ipeds/datacenter/F1718_F2_STATA
2018,Finance,Private for-profit institutions: Fiscal year 2018 (revised February 2021),F1718_F3,https://nces.ed.gov/ipeds/datacenter/data/F1718_F3.zip,https://nces.ed.gov/ipeds/datacenter/F1718_F3_STATA
2018,Institutional Characteristics,Response status for all survey components (revised July 2020),FLAGS2018,https://nces.ed.gov/ipeds/datacenter/data/FLAGS2018.zip,https://nces.ed.gov/ipeds/datacenter/FLAGS2018_STATA
2018,12-Month Enrollment,Response status for all survey components (revised July 2020),FLAGS2018,https://nces.ed.gov/ipeds/datacenter/data/FLAGS2018.zip,https://nces.ed.gov/ipeds/datacenter/FLAGS2018_STATA
2018,Admissions and Test Scores,Response status for all survey components (revised September 2020),FLAGS2018,https://nces.ed.gov/ipeds/datacenter/data/FLAGS2018.zip,https://nces.ed.gov/ipeds/datacenter/FLAGS2018_STATA
2018,Fall Enrollment,Response status for all survey components (revised February 2021),FLAGS2018,https://nces.ed.gov/ipeds/datacenter/data/FLAGS2018.zip,https://nces.ed.gov/ipeds/datacenter/FLAGS2018_STATA
2018,Completions,Response status for all survey components (revised July 2020),FLAGS2018,https://nces.ed.gov/ipeds/datacenter/data/FLAGS2018.zip,https://nces.ed.gov/ipeds/datacenter/FLAGS2018_STATA
2018,Instructional Staff/Salaries,Response status for all survey components (revised February 2021),FLAGS2018,https://nces.ed.gov/ipeds/datacenter/data/FLAGS2018.zip,https://nces.ed.gov/ipeds/datacenter/FLAGS2018_STATA
2018,Fall Staff,Response status for all survey components (revised February 2021),FLAGS2018,https://nces.ed.gov/ipeds/datacenter/data/FLAGS2018.zip,https://nces.ed.gov/ipeds/datacenter/FLAGS2018_STATA
2018,Employees by Assigned Position,Response status for all survey components (revised February 2021),FLAGS2018,https://nces.ed.gov/ipeds/datacenter/data/FLAGS2018.zip,https://nces.ed.gov/ipeds/datacenter/FLAGS2018_STATA
2018,Finance,Response status for all survey components (revised February 2021),FLAGS2018,https://nces.ed.gov/ipeds/datacenter/data/FLAGS2018.zip,https://nces.ed.gov/ipeds/datacenter/FLAGS2018_STATA
2018,Student Financial Aid and Net Price,Response status for all survey components (revised September 2020),FLAGS2018,https://nces.ed.gov/ipeds/datacenter/data/FLAGS2018.zip,https://nces.ed.gov/ipeds/datacenter/FLAGS2018_STATA
2018,Graduation Rates,Response status for all survey components (revised September 2020),FLAGS2018,https://nces.ed.gov/ipeds/datacenter/data/FLAGS2018.zip,https://nces.ed.gov/ipeds/datacenter/FLAGS2018_STATA
2018,Outcome Measures,Response status for all survey components (revised September 2020),FLAGS2018,https://nces.ed.gov/ipeds/datacenter/data/FLAGS2018.zip,https://nces.ed.gov/ipeds/datacenter/FLAGS2018_STATA
2018,Academic Libraries,Response status for all survey components (revised February 2021),FLAGS2018,https://nces.ed.gov/ipeds/datacenter/data/FLAGS2018.zip,https://nces.ed.gov/ipeds/datacenter/FLAGS2018_STATA
2018,Institutional Characteristics,Directory information,HD2018,https://nces.ed.gov/ipeds/datacenter/data/HD2018.zip,https://nces.ed.gov/ipeds/datacenter/HD2018_STATA
2018,Institutional Characteristics,"Educational offerings, organization, services and athletic associations (revised July 2020)",IC2018,https://nces.ed.gov/ipeds/datacenter/data/IC2018.zip,https://nces.ed.gov/ipeds/datacenter/IC2018_STATA
2018,Instructional Staff/Salaries,"Number and salary outlays for full-time nonmedical instructional staff, by gender, and academic rank: Academic year 2018-19 (revised February 2021)",SAL2018_IS,https://nces.ed.gov/ipeds/datacenter/data/SAL2018_IS.zip,https://nces.ed.gov/ipeds/datacenter/SAL2018_IS_STATA
2018,Instructional Staff/Salaries,"Number and salary outlays for full-time nonmedical noninstructional staff, by occupation: Academic year 2018-19 (revised February 2021)",SAL2018_NIS,https://nces.ed.gov/ipeds/datacenter/data/SAL2018_NIS.zip,https://nces.ed.gov/ipeds/datacenter/SAL2018_NIS_STATA
2018,Student Financial Aid and Net Price,Student financial aid and net price: 2017-18 (revised September 2020),SFA1718,https://nces.ed.gov/ipeds/datacenter/data/SFA1718.zip,https://nces.ed.gov/ipeds/datacenter/SFA1718_STATA
2019,Admissions and Test Scores,"Admission considerations, applications, admissions, enrollees and test scores, fall 2019 (revised October 2021)",ADM2019,https://nces.ed.gov/ipeds/datacenter/data/ADM2019.zip,https://nces.ed.gov/ipeds/datacenter/ADM2019_STATA
2019,Employees by Assigned Position,"Number of staff by occupational category, faculty and tenure status: Fall 2019 (revised November 2021)",EAP2019,https://nces.ed.gov/ipeds/datacenter/data/EAP2019.zip,https://nces.ed.gov/ipeds/datacenter/EAP2019_STATA
2019,12-Month Enrollment,12-month unduplicated headcount: 2018-19 (revised July 2021),EFFY2019,https://nces.ed.gov/ipeds/datacenter/data/EFFY2019.zip,https://nces.ed.gov/ipeds/datacenter/EFFY2019_STATA
2019,12-Month Enrollment,12-month instructional activity: 2018-19 (revised July 2021),EFIA2019,https://nces.ed.gov/ipeds/datacenter/data/EFIA2019.zip,https://nces.ed.gov/ipeds/datacenter/EFIA2019_STATA
2019,Finance,Public institutions - GASB 34/35: Fiscal year 2019 (revised November 2021),F1819_F1A,https://nces.ed.gov/ipeds/datacenter/data/F1819_F1A.zip,https://nces.ed.gov/ipeds/datacenter/F1819_F1A_STATA
2019,Finance,Private not-for-profit institutions or Public institutions using FASB: Fiscal year 2019 (revised November 2021),F1819_F2,https://nces.ed.gov/ipeds/datacenter/data/F1819_F2.zip,https://nces.ed.gov/ipeds/datacenter/F1819_F2_STATA
2019,Finance,Private for-profit institutions: Fiscal year 2019 (revised November 2021),F1819_F3,https://nces.ed.gov/ipeds/datacenter/data/F1819_F3.zip,https://nces.ed.gov/ipeds/datacenter/F1819_F3_STATA
2019,Institutional Characteristics,Response status for all survey components (revised July 2021),FLAGS2019,https://nces.ed.gov/ipeds/datacenter/data/FLAGS2019.zip,https://nces.ed.gov/ipeds/datacenter/FLAGS2019_STATA
2019,12-Month Enrollment,Response status for all survey components (revised July 2021),FLAGS2019,https://nces.ed.gov/ipeds/datacenter/data/FLAGS2019.zip,https://nces.ed.gov/ipeds/datacenter/FLAGS2019_STATA
2019,Admissions and Test Scores,Response status for all survey components (revised October 2021),FLAGS2019,https://nces.ed.gov/ipeds/datacenter/data/FLAGS2019.zip,https://nces.ed.gov/ipeds/datacenter/FLAGS2019_STATA
2019,Fall Enrollment,Response status for all survey components (revised November 2021),FLAGS2019,https://nces.ed.gov/ipeds/datacenter/data/FLAGS2019.zip,https://nces.ed.gov/ipeds/datacenter/FLAGS2019_STATA
2019,Completions,Response status for all survey components (revised July 2021),FLAGS2019,https://nces.ed.gov/ipeds/datacenter/data/FLAGS2019.zip,https://nces.ed.gov/ipeds/datacenter/FLAGS2019_STATA
2019,Instructional Staff/Salaries,Response status for all survey components (revised November 2021),FLAGS2019,https://nces.ed.gov/ipeds/datacenter/data/FLAGS2019.zip,https://nces.ed.gov/ipeds/datacenter/FLAGS2019_STATA
2019,Fall Staff,Response status for all survey components (revised November 2021),FLAGS2019,https://nces.ed.gov/ipeds/datacenter/data/FLAGS2019.zip,https://nces.ed.gov/ipeds/datacenter/FLAGS2019_STATA
2019,Employees by Assigned Position,Response status for all survey components (revised November 2021),FLAGS2019,https://nces.ed.gov/ipeds/datacenter/data/FLAGS2019.zip,https://nces.ed.gov/ipeds/datacenter/FLAGS2019_STATA
2019,Finance,Response status for all survey components (revised November 2021),FLAGS2019,https://nces.ed.gov/ipeds/datacenter/data/FLAGS2019.zip,https://nces.ed.gov/ipeds/datacenter/FLAGS2019_STATA
2019,Student Financial Aid and Net Price,Response status for all survey components (revised October 2021),FLAGS2019,https://nces.ed.gov/ipeds/datacenter/data/FLAGS2019.zip,https://nces.ed.gov/ipeds/datacenter/FLAGS2019_STATA
2019,Graduation Rates,Response status for all survey components (revised October 2021),FLAGS2019,https://nces.ed.gov/ipeds/datacenter/data/FLAGS2019.zip,https://nces.ed.gov/ipeds/datacenter/FLAGS2019_STATA
2019,Outcome Measures,Response status for all survey components (revised October 2021),FLAGS2019,https://nces.ed.gov/ipeds/datacenter/data/FLAGS2019.zip,https://nces.ed.gov/ipeds/datacenter/FLAGS2019_STATA
2019,Academic Libraries,Response status for all survey components (revised November 2021),FLAGS2019,https://nces.ed.gov/ipeds/datacenter/data/FLAGS2019.zip,https://nces.ed.gov/ipeds/datacenter/FLAGS2019_STATA
2019,Institutional Characteristics,Directory information,HD2019,https://nces.ed.gov/ipeds/datacenter/data/HD2019.zip,https://nces.ed.gov/ipeds/datacenter/HD2019_STATA
2019,Institutional Characteristics,"Educational offerings, organization, services and athletic associations (revised July 2021)",IC2019,https://nces.ed.gov/ipeds/datacenter/data/IC2019.zip,https://nces.ed.gov/ipeds/datacenter/IC2019_STATA
2019,Instructional Staff/Salaries,"Number and salary outlays for full-time nonmedical instructional staff, by gender, and academic rank: Academic year 2019-20 (revised November 2021)",SAL2019_IS,https://nces.ed.gov/ipeds/datacenter/data/SAL2019_IS.zip,https://nces.ed.gov/ipeds/datacenter/SAL2019_IS_STATA
2019,Instructional Staff/Salaries,"Number and salary outlays for full-time nonmedical noninstructional staff, by occupation: Academic year 2019-20 (revised November 2021)",SAL2019_NIS,https://nces.ed.gov/ipeds/datacenter/data/SAL2019_NIS.zip,https://nces.ed.gov/ipeds/datacenter/SAL2019_NIS_STATA
2019,Student Financial Aid and Net Price,Student financial aid and net price: 2018-19 (revised October 2021),SFA1819,https://nces.ed.gov/ipeds/datacenter/data/SFA1819.zip,https://nces.ed.gov/ipeds/datacenter/SFA1819_STATA
2020,Admissions and Test Scores,"Admission considerations, applications, admissions, enrollees and test scores, fall 2020 (revised October 2022)",ADM2020,https://nces.ed.gov/ipeds/datacenter/data/ADM2020.zip,https://nces.ed.gov/ipeds/datacenter/ADM2020_STATA
2020,Employees by Assigned Position,"Number of staff by occupational category, faculty and tenure status: Fall 2020 (revised November 2022)",EAP2020,https://nces.ed.gov/ipeds/datacenter/data/EAP2020.zip,https://nces.ed.gov/ipeds/datacenter/EAP2020_STATA
2020,12-Month Enrollment,"12-month unduplicated headcount by race/ethnicity, gender and level of student: 2019-20",EFFY2020,https://nces.ed.gov/ipeds/datacenter/data/EFFY2020.zip,https://nces.ed.gov/ipeds/datacenter/EFFY2020_STATA
2020,12-Month Enrollment,12-month full-time equivalent enrollment and instructional activity: 2019-20,EFIA2020,https://nces.ed.gov/ipeds/datacenter/data/EFIA2020.zip,https://nces.ed.gov/ipeds/datacenter/EFIA2020_STATA
2020,Finance,Public institutions - GASB 34/35: Fiscal year 2020 (revised November 2022),F1920_F1A,https://nces.ed.gov/ipeds/datacenter/data/F1920_F1A.zip,https://nces.ed.gov/ipeds/datacenter/F1920_F1A_STATA
2020,Finance,Private not-for-profit institutions or Public institutions using FASB: Fiscal year 2020 (revised November 2022),F1920_F2,https://nces.ed.gov/ipeds/datacenter/data/F1920_F2.zip,https://nces.ed.gov/ipeds/datacenter/F1920_F2_STATA
2020,Finance,Private for-profit institutions: Fiscal year 2020 (revised November 2022),F1920_F3,https://nces.ed.gov/ipeds/datacenter/data/F1920_F3.zip,https://nces.ed.gov/ipeds/datacenter/F1920_F3_STATA
2020,Admissions and Test Scores,Response status for all survey components (revised October 2022),FLAGS2020,https://nces.ed.gov/ipeds/datacenter/data/FLAGS2020.zip,https://nces.ed.gov/ipeds/datacenter/FLAGS2020_STATA
2020,Fall Enrollment,Response status for all survey components (revised November 2022),FLAGS2020,https://nces.ed.gov/ipeds/datacenter/data/FLAGS2020.zip,https://nces.ed.gov/ipeds/datacenter/FLAGS2020_STATA
2020,Instructional Staff/Salaries,Response status for all survey components (revised November 2022),FLAGS2020,https://nces.ed.gov/ipeds/datacenter/data/FLAGS2020.zip,https://nces.ed.gov/ipeds/datacenter/FLAGS2020_STATA
2020,Fall Staff,Response status for all survey components (revised November 2022),FLAGS2020,https://nces.ed.gov/ipeds/datacenter/data/FLAGS2020.zip,https://nces.ed.gov/ipeds/datacenter/FLAGS2020_STATA
2020,Employees by Assigned Position,Response status for all survey components (revised November 2022),FLAGS2020,https://nces.ed.gov/ipeds/datacenter/data/FLAGS2020.zip,https://nces.ed.gov/ipeds/datacenter/FLAGS2020_STATA
2020,Finance,Response status for all survey components (revised November 2022),FLAGS2020,https://nces.ed.gov/ipeds/datacenter/data/FLAGS2020.zip,https://nces.ed.gov/ipeds/datacenter/FLAGS2020_STATA
2020,Student Financial Aid and Net Price,Response status for all survey components (revised October 2022),FLAGS2020,https://nces.ed.gov/ipeds/datacenter/data/FLAGS2020.zip,https://nces.ed.gov/ipeds/datacenter/FLAGS2020_STATA
2020,Graduation Rates,Response status for all survey components (revised October 2022),FLAGS2020,https://nces.ed.gov/ipeds/datacenter/data/FLAGS2020.zip,https://nces.ed.gov/ipeds/datacenter/FLAGS2020_STATA
2020,Outcome Measures,Response status for all survey components (revised October 2022),FLAGS2020,https://nces.ed.gov/ipeds/datacenter/data/FLAGS2020.zip,https://nces.ed.gov/ipeds/datacenter/FLAGS2020_STATA
2020,Academic Libraries,Response status for all survey components (revised November 2022),FLAGS2020,https://nces.ed.gov/ipeds/datacenter/data/FLAGS2020.zip,https://nces.ed.gov/ipeds/datacenter/FLAGS2020_STATA
2020,Institutional Characteristics,Directory information,HD2020,https://nces.ed.gov/ipeds/datacenter/data/HD2020.zip,https://nces.ed.gov/ipeds/datacenter/HD2020_STATA
2020,Instructional Staff/Salaries,"Number and salary outlays for full-time nonmedical instructional staff, by gender, and academic rank: Academic year 2020-21 (revised November 2022)",SAL2020_IS,https://nces.ed.gov/ipeds/datacenter/data/SAL2020_IS.zip,https://nces.ed.gov/ipeds/datacenter/SAL2020_IS_STATA
2020,Instructional Staff/Salaries,"Number and salary outlays for full-time nonmedical noninstructional staff, by gender, and academic rank: Academic year 2020-21 (revised November 2022)",SAL2020_NIS,https://nces.ed.gov/ipeds/datacenter/data/SAL2020_NIS.zip,https://nces.ed.gov/ipeds/datacenter/SAL2020_NIS_STATA
2020,Student Financial Aid and Net Price,Student financial aid and net price: 2019-20 (revised October 2022),SFA1920,https://nces.ed.gov/ipeds/datacenter/data/SFA1920.zip,https://nces.ed.gov/ipeds/datacenter/SFA1920_STATA
2021,Admissions and Test Scores,"Admission considerations, applications, admissions, enrollees and test scores, fall 2021 (revised November 2023)",ADM2021,https://nces.ed.gov/ipeds/datacenter/data/ADM2021.zip,https://nces.ed.gov/ipeds/datacenter/ADM2021_STATA
2021,Frequently used/Derived variables,Selectivity and admissions yield: Fall 2021 (revised November 2023),DRVADM2021,https://nces.ed.gov/ipeds/datacenter/data/DRVADM2021.zip,https://nces.ed.gov/ipeds/datacenter/DRVADM2021_STATA
2021,Frequently used/Derived variables,"12-month unduplicated and full-time equivalent enrollment, and other selected 12-month enrollment indicators: July 1, 2020 to June 30, 2021 (revised September 2023)",DRVEF122021,https://nces.ed.gov/ipeds/datacenter/data/DRVEF122021.zip,https://nces.ed.gov/ipeds/datacenter/DRVEF122021_STATA
2021,Frequently used/Derived variables,"Enrollments, retention rates and other selected enrollment indicators: Fall 2021 (revised December 2023)",DRVEF2021,https://nces.ed.gov/ipeds/datacenter/data/DRVEF2021.zip,https://nces.ed.gov/ipeds/datacenter/DRVEF2021_STATA
2021,Frequently used/Derived variables,Revenues and expenditures: Fiscal year 2021 (revised December 2023),DRVF2021,https://nces.ed.gov/ipeds/datacenter/data/DRVF2021.zip,https://nces.ed.gov/ipeds/datacenter/DRVF2021_STATA
2021,Frequently used/Derived variables,"Graduation rates of full-time, first-time degree/certifcate-seeking undergraduate students: cohort years 2013 and 2015 (4-year institutions) cohort years 2017 and 2018 (less-than-4-year institutions (revised November 2023)",DRVGR2021,https://nces.ed.gov/ipeds/datacenter/data/DRVGR2021.zip,https://nces.ed.gov/ipeds/datacenter/DRVGR2021_STATA
2021,Frequently used/Derived variables,Average salaries and full-time equivalent staff: Fall 2021 (revised December 2023),DRVHR2021,https://nces.ed.gov/ipeds/datacenter/data/DRVHR2021.zip,https://nces.ed.gov/ipeds/datacenter/DRVHR2021_STATA
2021,Frequently used/Derived variables,Award and enrollment (Outcome Measures) rates of degree/certifcate-seeking undergraduate entering students: Cohort year 2013-14 (revised November 2023),DRVOM2021,https://nces.ed.gov/ipeds/datacenter/data/DRVOM2021.zip,https://nces.ed.gov/ipeds/datacenter/DRVOM2021_STATA
2021,Employees by Assigned Position,"Number of staff by occupational category, faculty and tenure status: Fall 2021 (revised December 2023)",EAP2021,https://nces.ed.gov/ipeds/datacenter/data/EAP2021.zip,https://nces.ed.gov/ipeds/datacenter/EAP2021_STATA
2021,12-Month Enrollment,"12-month unduplicated headcount by race/ethnicity, gender and level of student: 2020-21 (revised September 2023)",EFFY2021,https://nces.ed.gov/ipeds/datacenter/data/EFFY2021.zip,https://nces.ed.gov/ipeds/datacenter/EFFY2021_STATA
2021,12-Month Enrollment,12-month instructional activity: 2020-21 (revised September 2023),EFIA2021,https://nces.ed.gov/ipeds/datacenter/data/EFIA2021.zip,https://nces.ed.gov/ipeds/datacenter/EFIA2021_STATA
2021,Finance,Public institutions - GASB 34/35: Fiscal year 2021 (revised December 2023),F2021_F1A,https://nces.ed.gov/ipeds/datacenter/data/F2021_F1A.zip,https://nces.ed.gov/ipeds/datacenter/F2021_F1A_STATA
2021,Finance,Private not-for-profit institutions or Public institutions using FASB: Fiscal year 2021 (revised December 2023),F2021_F2,https://nces.ed.gov/ipeds/datacenter/data/F2021_F2.zip,https://nces.ed.gov/ipeds/datacenter/F2021_F2_STATA
2021,Finance,Private for-profit institutions: Fiscal year 2021 (revised December 2023),F2021_F3,https://nces.ed.gov/ipeds/datacenter/data/F2021_F3.zip,https://nces.ed.gov/ipeds/datacenter/F2021_F3_STATA
2021,Institutional Characteristics,Response status for all survey components (revised September 2023),FLAGS2021,https://nces.ed.gov/ipeds/datacenter/data/FLAGS2021.zip,https://nces.ed.gov/ipeds/datacenter/FLAGS2021_STATA
2021,12-Month Enrollment,Response status all survey components (revised September 2023),FLAGS2021,https://nces.ed.gov/ipeds/datacenter/data/FLAGS2021.zip,https://nces.ed.gov/ipeds/datacenter/FLAGS2021_STATA
2021,Admissions and Test Scores,Response status for all survey components (revised November 2023),FLAGS2021,https://nces.ed.gov/ipeds/datacenter/data/FLAGS2021.zip,https://nces.ed.gov/ipeds/datacenter/FLAGS2021_STATA
2021,Fall Enrollment,Response status for all survey components (revised December 2023),FLAGS2021,https://nces.ed.gov/ipeds/datacenter/data/FLAGS2021.zip,https://nces.ed.gov/ipeds/datacenter/FLAGS2021_STATA
2021,Completions,Response status for all survey components (revised September 2023),FLAGS2021,https://nces.ed.gov/ipeds/datacenter/data/FLAGS2021.zip,https://nces.ed.gov/ipeds/datacenter/FLAGS2021_STATA
2021,Instructional Staff/Salaries,Response status for all survey components (revised December 2023),FLAGS2021,https://nces.ed.gov/ipeds/datacenter/data/FLAGS2021.zip,https://nces.ed.gov/ipeds/datacenter/FLAGS2021_STATA
2021,Fall Staff,Response status for all survey components (revised December 2023),FLAGS2021,https://nces.ed.gov/ipeds/datacenter/data/FLAGS2021.zip,https://nces.ed.gov/ipeds/datacenter/FLAGS2021_STATA
2021,Employees by Assigned Position,Response status for all survey components (revised December 2023),FLAGS2021,https://nces.ed.gov/ipeds/datacenter/data/FLAGS2021.zip,https://nces.ed.gov/ipeds/datacenter/FLAGS2021_STATA
2021,Finance,Response status for all survey components (revised December 2023),FLAGS2021,https://nces.ed.gov/ipeds/datacenter/data/FLAGS2021.zip,https://nces.ed.gov/ipeds/datacenter/FLAGS2021_STATA
2021,Student Financial Aid and Net Price,Response status for all survey components (revised November 2023),FLAGS2021,https://nces.ed.gov/ipeds/datacenter/data/FLAGS2021.zip,https://nces.ed.gov/ipeds/datacenter/FLAGS2021_STATA
2021,Graduation Rates,Response status for all survey components (revised November 2023),FLAGS2021,https://nces.ed.gov/ipeds/datacenter/data/FLAGS2021.zip,https://nces.ed.gov/ipeds/datacenter/FLAGS2021_STATA
2021,Outcome Measures,Response status for all survey components (revised November 2023),FLAGS2021,https://nces.ed.gov/ipeds/datacenter/data/FLAGS2021.zip,https://nces.ed.gov/ipeds/datacenter/FLAGS2021_STATA
2021,Academic Libraries,Response status for all survey components (revised December 2023),FLAGS2021,https://nces.ed.gov/ipeds/datacenter/data/FLAGS2021.zip,https://nces.ed.gov/ipeds/datacenter/FLAGS2021_STATA
2021,Institutional Characteristics,Directory information,HD2021,https://nces.ed.gov/ipeds/datacenter/data/HD2021.zip,https://nces.ed.gov/ipeds/datacenter/HD2021_STATA
2021,Institutional Characteristics,"Educational offerings, organization, services and athletic associations (revised September 2023)",IC2021,https://nces.ed.gov/ipeds/datacenter/data/IC2021.zip,https://nces.ed.gov/ipeds/datacenter/IC2021_STATA
2021,Instructional Staff/Salaries,"Number and salary outlays for full-time nonmedical instructional staff, by gender, and academic rank: Academic year 2021-22 (revised December 2023)",SAL2021_IS,https://nces.ed.gov/ipeds/datacenter/data/SAL2021_IS.zip,https://nces.ed.gov/ipeds/datacenter/SAL2021_IS_STATA
2021,Instructional Staff/Salaries,"Number and salary outlays for full-time nonmedical noninstructional staff, by gender, and academic rank: Academic year 2021-22 (revised December 2023)",SAL2021_NIS,https://nces.ed.gov/ipeds/datacenter/data/SAL2021_NIS.zip,https://nces.ed.gov/ipeds/datacenter/SAL2021_NIS_STATA
2021,Student Financial Aid and Net Price,Student financial aid and net price: 2020-21 (revised November 2023),SFA2021,https://nces.ed.gov/ipeds/datacenter/data/SFA2021.zip,https://nces.ed.gov/ipeds/datacenter/SFA2021_STATA
2022,Admissions and Test Scores,"Admission considerations, applications, admissions, enrollees and test scores, fall 2022 (revised September 2024)",ADM2022,https://nces.ed.gov/ipeds/datacenter/data/ADM2022.zip,https://nces.ed.gov/ipeds/datacenter/ADM2022_STATA
2022,Frequently used/Derived variables,Selectivity and admissions yield: Fall 2022 (revised September 2024),DRVADM2022,https://nces.ed.gov/ipeds/datacenter/data/DRVADM2022.zip,https://nces.ed.gov/ipeds/datacenter/DRVADM2022_STATA
2022,Frequently used/Derived variables,"12-month unduplicated and full-time equivalent enrollment, and other selected 12-month enrollment indicators: July 1, 2021 to June 30, 2022 (revised August 2024)",DRVEF122022,https://nces.ed.gov/ipeds/datacenter/data/DRVEF122022.zip,https://nces.ed.gov/ipeds/datacenter/DRVEF122022_STATA
2022,Frequently used/Derived variables,"Enrollments, retention rates and other selected enrollment indicators: Fall 2022 (revised December 2024)",DRVEF2022,https://nces.ed.gov/ipeds/datacenter/data/DRVEF2022.zip,https://nces.ed.gov/ipeds/datacenter/DRVEF2022_STATA
2022,Frequently used/Derived variables,Revenues and expenditures: Fiscal year 2022 (revised December 2024),DRVF2022,https://nces.ed.gov/ipeds/datacenter/data/DRVF2022.zip,https://nces.ed.gov/ipeds/datacenter/DRVF2022_STATA
2022,Frequently used/Derived variables,"Graduation rates of full-time, first-time degree/certifcate-seeking undergraduate students: cohort years 2014 and 2016 (4-year institutions) cohort years 2018 and 2019 (less-than-4-year institutions (revised September 2024)",DRVGR2022,https://nces.ed.gov/ipeds/datacenter/data/DRVGR2022.zip,https://nces.ed.gov/ipeds/datacenter/DRVGR2022_STATA
2022,Frequently used/Derived variables,Average salaries and full-time equivalent staff: Fall 2022 (revised December 2024),DRVHR2022,https://nces.ed.gov/ipeds/datacenter/data/DRVHR2022.zip,https://nces.ed.gov/ipeds/datacenter/DRVHR2022_STATA
2022,Frequently used/Derived variables,Award and enrollment (Outcome Measures) rates of degree/certifcate-seeking undergraduate entering students: Cohort year 2014-15 (revised September 2024),DRVOM2022,https://nces.ed.gov/ipeds/datacenter/data/DRVOM2022.zip,https://nces.ed.gov/ipeds/datacenter/DRVOM2022_STATA
2022,Employees by Assigned Position,"Number of staff by occupational category, faculty and tenure status: Fall 2022 (revised December 2024)",EAP2022,https://nces.ed.gov/ipeds/datacenter/data/EAP2022.zip,https://nces.ed.gov/ipeds/datacenter/EAP2022_STATA
2022,12-Month Enrollment,"12-month unduplicated headcount by race/ethnicity, gender and level of student: 2021-22 (revised August 2024)",EFFY2022,https://nces.ed.gov/ipeds/datacenter/data/EFFY2022.zip,https://nces.ed.gov/ipeds/datacenter/EFFY2022_STATA
2022,12-Month Enrollment,12-month instructional activity: 2021-22 (revised August 2024),EFIA2022,https://nces.ed.gov/ipeds/datacenter/data/EFIA2022.zip,https://nces.ed.gov/ipeds/datacenter/EFIA2022_STATA
2022,Finance,Public institutions - GASB 34/35: Fiscal year 2022 (revised December 2024),F2122_F1A,https://nces.ed.gov/ipeds/datacenter/data/F2122_F1A.zip,https://nces.ed.gov/ipeds/datacenter/F2122_F1A_STATA
2022,Finance,Private not-for-profit institutions or Public institutions using FASB: Fiscal year 2022 (revised December 2024),F2122_F2,https://nces.ed.gov/ipeds/datacenter/data/F2122_F2.zip,https://nces.ed.gov/ipeds/datacenter/F2122_F2_STATA
2022,Finance,Private for-profit institutions: Fiscal year 2022 (revised December 2024),F2122_F3,https://nces.ed.gov/ipeds/datacenter/data/F2122_F3.zip,https://nces.ed.gov/ipeds/datacenter/F2122_F3_STATA
2022,Institutional Characteristics,Response status for all survey components (revised August 2024),FLAGS2022,https://nces.ed.gov/ipeds/datacenter/data/FLAGS2022.zip,https://nces.ed.gov/ipeds/datacenter/FLAGS2022_STATA
2022,12-Month Enrollment,Response status all survey components (revised August 2024),FLAGS2022,https://nces.ed.gov/ipeds/datacenter/data/FLAGS2022.zip,https://nces.ed.gov/ipeds/datacenter/FLAGS2022_STATA
2022,Admissions and Test Scores,Response status for all survey components (revised September 2024),FLAGS2022,https://nces.ed.gov/ipeds/datacenter/data/FLAGS2022.zip,https://nces.ed.gov/ipeds/datacenter/FLAGS2022_STATA
2022,Fall Enrollment,Response status for all survey components (revised December 2024),FLAGS2022,https://nces.ed.gov/ipeds/datacenter/data/FLAGS2022.zip,https://nces.ed.gov/ipeds/datacenter/FLAGS2022_STATA
2022,Completions,Response status for all survey components (revised August 2024),FLAGS2022,https://nces.ed.gov/ipeds/datacenter/data/FLAGS2022.zip,https://nces.ed.gov/ipeds/datacenter/FLAGS2022_STATA
2022,Instructional Staff/Salaries,Response status for all survey components (revised December 2024),FLAGS2022,https://nces.ed.gov/ipeds/datacenter/data/FLAGS2022.zip,https://nces.ed.gov/ipeds/datacenter/FLAGS2022_STATA
2022,Fall Staff,Response status for all survey components (revised December 2024),FLAGS2022,https://nces.ed.gov/ipeds/datacenter/data/FLAGS2022.zip,https://nces.ed.gov/ipeds/datacenter/FLAGS2022_STATA
2022,Employees by Assigned Position,Response status for all survey components (revised December 2024),FLAGS2022,https://nces.ed.gov/ipeds/datacenter/data/FLAGS2022.zip,https://nces.ed.gov/ipeds/datacenter/FLAGS2022_STATA
2022,Finance,Response status for all survey components (revised December 2024),FLAGS2022,https://nces.ed.gov/ipeds/datacenter/data/FLAGS2022.zip,https://nces.ed.gov/ipeds/datacenter/FLAGS2022_STATA
2022,Student Financial Aid and Net Price,Response status for all survey components (revised September 2024),FLAGS2022,https://nces.ed.gov/ipeds/datacenter/data/FLAGS2022.zip,https://nces.ed.gov/ipeds/datacenter/FLAGS2022_STATA
2022,Graduation Rates,Response status for all survey components (revised September 2024),FLAGS2022,https://nces.ed.gov/ipeds/datacenter/data/FLAGS2022.zip,https://nces.ed.gov/ipeds/datacenter/FLAGS2022_STATA
2022,Outcome Measures,Response status for all survey components (revised September 2024),FLAGS2022,https://nces.ed.gov/ipeds/datacenter/data/FLAGS2022.zip,https://nces.ed.gov/ipeds/datacenter/FLAGS2022_STATA
2022,Academic Libraries,Response status for all survey components (revised December 2024),FLAGS2022,https://nces.ed.gov/ipeds/datacenter/data/FLAGS2022.zip,https://nces.ed.gov/ipeds/datacenter/FLAGS2022_STATA
2022,Institutional Characteristics,Directory information,HD2022,https://nces.ed.gov/ipeds/datacenter/data/HD2022.zip,https://nces.ed.gov/ipeds/datacenter/HD2022_STATA
2022,Institutional Characteristics,"Educational offerings, organization, services and athletic associations",IC2022,https://nces.ed.gov/ipeds/datacenter/data/IC2022.zip,https://nces.ed.gov/ipeds/datacenter/IC2022_STATA
2022,Instructional Staff/Salaries,"Number and salary outlays for full-time nonmedical instructional staff, by gender, and academic rank: Academic year 2022-23 (revised December 2024)",SAL2022_IS,https://nces.ed.gov/ipeds/datacenter/data/SAL2022_IS.zip,https://nces.ed.gov/ipeds/datacenter/SAL2022_IS_STATA
2022,Instructional Staff/Salaries,"Number and salary outlays for full-time nonmedical noninstructional staff, by gender, and academic rank: Academic year 2022-23(revised December 2024)",SAL2022_NIS,https://nces.ed.gov/ipeds/datacenter/data/SAL2022_NIS.zip,https://nces.ed.gov/ipeds/datacenter/SAL2022_NIS_STATA
2022,Student Financial Aid and Net Price,Student financial aid and net price: 2021-22 (revised September 2024),SFA2122,https://nces.ed.gov/ipeds/datacenter/data/SFA2122.zip,https://nces.ed.gov/ipeds/datacenter/SFA2122_STATA
2023,Admissions and Test Scores,"Admission considerations, applications, admissions, enrollees and test scores, fall 2023 (revised December 2025)",ADM2023,https://nces.ed.gov/ipeds/data-generator?year=2023&amp;tableName=ADM2023&amp;HasRV=1&amp;type=csv&amp;t=639095446135645613,https://nces.ed.gov/ipeds/datacenter/ADM2023_STATA
2023,Frequently used/Derived variables,Selectivity and admissions yield: Fall 2023,DRVADM2023,https://nces.ed.gov/ipeds/data-generator?year=2023&amp;tableName=DRVADM2023&amp;HasRV=1&amp;type=csv&amp;t=639095446135645613,https://nces.ed.gov/ipeds/datacenter/DRVADM2023_STATA
2023,Frequently used/Derived variables,"12-month unduplicated and full-time equivalent enrollment, and other selected 12-month enrollment indicators: July 1, 2022 to June 30, 2023 (revised September 2025)",DRVEF122023,https://nces.ed.gov/ipeds/data-generator?year=2023&amp;tableName=DRVEF122023&amp;HasRV=1&amp;type=csv&amp;t=639095446135645613,https://nces.ed.gov/ipeds/datacenter/DRVEF122023_STATA
2023,Frequently used/Derived variables,"Enrollments, retention rates and other selected enrollment indicators: Fall 2023 (revised January 2026)",DRVEF2023,https://nces.ed.gov/ipeds/data-generator?year=2023&amp;tableName=DRVEF2023&amp;HasRV=1&amp;type=csv&amp;t=639095446135645613,https://nces.ed.gov/ipeds/datacenter/DRVEF2023_STATA
2023,Frequently used/Derived variables,Revenues and expenditures: Fiscal year 2023 (revised January 2026),DRVF2023,https://nces.ed.gov/ipeds/data-generator?year=2023&amp;tableName=DRVF2023&amp;HasRV=1&amp;type=csv&amp;t=639095446135645613,https://nces.ed.gov/ipeds/datacenter/DRVF2023_STATA
2023,Frequently used/Derived variables,"Graduation rates of full-time, first-time degree/certifcate-seeking undergraduate students: cohort years 2015 and 2017 (4-year institutions) cohort years 2019 and 2020 (less-than-4-year institutions",DRVGR2023,https://nces.ed.gov/ipeds/data-generator?year=2023&amp;tableName=DRVGR2023&amp;HasRV=1&amp;type=csv&amp;t=639095446135645613,https://nces.ed.gov/ipeds/datacenter/DRVGR2023_STATA
2023,Frequently used/Derived variables,Average salaries and full-time equivalent staff: Fall 2023 (revised January 2026),DRVHR2023,https://nces.ed.gov/ipeds/data-generator?year=2023&amp;tableName=DRVHR2023&amp;HasRV=1&amp;type=csv&amp;t=639095446135645613,https://nces.ed.gov/ipeds/datacenter/DRVHR2023_STATA
2023,Frequently used/Derived variables,Award and enrollment (Outcome Measures) rates of degree/certifcate-seeking undergraduate entering students: Cohort year 2015-16 (revised December 2025),DRVOM2023,https://nces.ed.gov/ipeds/data-generator?year=2023&amp;tableName=DRVOM2023&amp;HasRV=1&amp;type=csv&amp;t=639095446135645613,https://nces.ed.gov/ipeds/datacenter/DRVOM2023_STATA
2023,Employees by Assigned Position,"Number of staff by occupational category, faculty and tenure status: Fall 2023 (revised January 2026)",EAP2023,https://nces.ed.gov/ipeds/data-generator?year=2023&amp;tableName=EAP2023&amp;HasRV=1&amp;type=csv&amp;t=639095446135645613,https://nces.ed.gov/ipeds/datacenter/EAP2023_STATA
2023,12-Month Enrollment,"12-month unduplicated headcount by race/ethnicity, gender and level of student: 2022-23 (revised September 2025)",EFFY2023,https://nces.ed.gov/ipeds/data-generator?year=2023&amp;tableName=EFFY2023&amp;HasRV=1&amp;type=csv&amp;t=639095446135645613,https://nces.ed.gov/ipeds/datacenter/EFFY2023_STATA
2023,12-Month Enrollment,12-month instructional activity: 2022-23 (revised September 2025),EFIA2023,https://nces.ed.gov/ipeds/data-generator?year=2023&amp;tableName=EFIA2023&amp;HasRV=1&amp;type=csv&amp;t=639095446135645613,https://nces.ed.gov/ipeds/datacenter/EFIA2023_STATA
2023,Finance,Public institutions - GASB 34/35: Fiscal year 2023 (revised January 2026),F2223_F1A,https://nces.ed.gov/ipeds/data-generator?year=2023&amp;tableName=F2223_F1A&amp;HasRV=1&amp;type=csv&amp;t=639095446135645613,https://nces.ed.gov/ipeds/datacenter/F2223_F1A_STATA
2023,Finance,Private not-for-profit institutions or Public institutions using FASB: Fiscal year 2023 (revised January 2026),F2223_F2,https://nces.ed.gov/ipeds/data-generator?year=2023&amp;tableName=F2223_F2&amp;HasRV=1&amp;type=csv&amp;t=639095446135645613,https://nces.ed.gov/ipeds/datacenter/F2223_F2_STATA
2023,Finance,Private for-profit institutions: Fiscal year 2023 (revised January 2026),F2223_F3,https://nces.ed.gov/ipeds/data-generator?year=2023&amp;tableName=F2223_F3&amp;HasRV=1&amp;type=csv&amp;t=639095446135645613,https://nces.ed.gov/ipeds/datacenter/F2223_F3_STATA
2023,Institutional Characteristics,Response status for all survey components (updated January 2026),FLAGS2023,https://nces.ed.gov/ipeds/data-generator?year=2023&amp;tableName=FLAGS2023&amp;HasRV=0&amp;type=csv&amp;t=639095446135645613,https://nces.ed.gov/ipeds/datacenter/FLAGS2023_STATA
2023,12-Month Enrollment,Response status for all survey components (updated January 2026),FLAGS2023,https://nces.ed.gov/ipeds/data-generator?year=2023&amp;tableName=FLAGS2023&amp;HasRV=0&amp;type=csv&amp;t=639095446135645613,https://nces.ed.gov/ipeds/datacenter/FLAGS2023_STATA
2023,Admissions and Test Scores,Response status for all survey components (updated January 2026),FLAGS2023,https://nces.ed.gov/ipeds/data-generator?year=2023&amp;tableName=FLAGS2023&amp;HasRV=0&amp;type=csv&amp;t=639095446135645613,https://nces.ed.gov/ipeds/datacenter/FLAGS2023_STATA
2023,Fall Enrollment,Response status for all survey components (updated January 2026),FLAGS2023,https://nces.ed.gov/ipeds/data-generator?year=2023&amp;tableName=FLAGS2023&amp;HasRV=0&amp;type=csv&amp;t=639095446135645613,https://nces.ed.gov/ipeds/datacenter/FLAGS2023_STATA
2023,Completions,Response status for all survey components (updated January 2026),FLAGS2023,https://nces.ed.gov/ipeds/data-generator?year=2023&amp;tableName=FLAGS2023&amp;HasRV=0&amp;type=csv&amp;t=639095446135645613,https://nces.ed.gov/ipeds/datacenter/FLAGS2023_STATA
2023,Instructional Staff/Salaries,Response status for all survey components (updated January 2026),FLAGS2023,https://nces.ed.gov/ipeds/data-generator?year=2023&amp;tableName=FLAGS2023&amp;HasRV=0&amp;type=csv&amp;t=639095446135645613,https://nces.ed.gov/ipeds/datacenter/FLAGS2023_STATA
2023,Fall Staff,Response status for all survey components (updated January 2026),FLAGS2023,https://nces.ed.gov/ipeds/data-generator?year=2023&amp;tableName=FLAGS2023&amp;HasRV=0&amp;type=csv&amp;t=639095446135645613,https://nces.ed.gov/ipeds/datacenter/FLAGS2023_STATA
2023,Employees by Assigned Position,Response status for all survey components (updated January 2026),FLAGS2023,https://nces.ed.gov/ipeds/data-generator?year=2023&amp;tableName=FLAGS2023&amp;HasRV=0&amp;type=csv&amp;t=639095446135645613,https://nces.ed.gov/ipeds/datacenter/FLAGS2023_STATA
2023,Finance,Response status for all survey components (updated January 2026),FLAGS2023,https://nces.ed.gov/ipeds/data-generator?year=2023&amp;tableName=FLAGS2023&amp;HasRV=0&amp;type=csv&amp;t=639095446135645613,https://nces.ed.gov/ipeds/datacenter/FLAGS2023_STATA
2023,Student Financial Aid and Net Price,Response status for all survey components (updated January 2026),FLAGS2023,https://nces.ed.gov/ipeds/data-generator?year=2023&amp;tableName=FLAGS2023&amp;HasRV=0&amp;type=csv&amp;t=639095446135645613,https://nces.ed.gov/ipeds/datacenter/FLAGS2023_STATA
2023,Graduation Rates,Response status for all survey components (updated January 2026),FLAGS2023,https://nces.ed.gov/ipeds/data-generator?year=2023&amp;tableName=FLAGS2023&amp;HasRV=0&amp;type=csv&amp;t=639095446135645613,https://nces.ed.gov/ipeds/datacenter/FLAGS2023_STATA
2023,Outcome Measures,Response status for all survey components (updated January 2026),FLAGS2023,https://nces.ed.gov/ipeds/data-generator?year=2023&amp;tableName=FLAGS2023&amp;HasRV=0&amp;type=csv&amp;t=639095446135645613,https://nces.ed.gov/ipeds/datacenter/FLAGS2023_STATA
2023,Academic Libraries,Response status for all survey components (updated January 2026),FLAGS2023,https://nces.ed.gov/ipeds/data-generator?year=2023&amp;tableName=FLAGS2023&amp;HasRV=0&amp;type=csv&amp;t=639095446135645613,https://nces.ed.gov/ipeds/datacenter/FLAGS2023_STATA
2023,Institutional Characteristics,Directory information (updated January 2026),HD2023,https://nces.ed.gov/ipeds/data-generator?year=2023&amp;tableName=HD2023&amp;HasRV=0&amp;type=csv&amp;t=639095446135645613,https://nces.ed.gov/ipeds/datacenter/HD2023_STATA
2023,Institutional Characteristics,"Educational offerings, organization, services and athletic associations (revised September 2025)",IC2023,https://nces.ed.gov/ipeds/data-generator?year=2023&amp;tableName=IC2023&amp;HasRV=1&amp;type=csv&amp;t=639095446135645613,https://nces.ed.gov/ipeds/datacenter/IC2023_STATA
2023,Instructional Staff/Salaries,"Number and salary outlays for full-time nonmedical instructional staff, by gender, and academic rank: Academic year 2023-24 (revised January 2026)",SAL2023_IS,https://nces.ed.gov/ipeds/data-generator?year=2023&amp;tableName=SAL2023_IS&amp;HasRV=1&amp;type=csv&amp;t=639095446135645613,https://nces.ed.gov/ipeds/datacenter/SAL2023_IS_STATA
2023,Instructional Staff/Salaries,"Number and salary outlays for full-time nonmedical noninstructional staff, by gender, and academic rank: Academic year 2023-24 (revised January 2026)",SAL2023_NIS,https://nces.ed.gov/ipeds/data-generator?year=2023&amp;tableName=SAL2023_NIS&amp;HasRV=1&amp;type=csv&amp;t=639095446135645613,https://nces.ed.gov/ipeds/datacenter/SAL2023_NIS_STATA
2023,Student Financial Aid and Net Price,Student financial aid and net price: 2022-23 (revised December 2025),SFA2223,https://nces.ed.gov/ipeds/data-generator?year=2023&amp;tableName=SFA2223&amp;HasRV=1&amp;type=csv&amp;t=639095446135645613,https://nces.ed.gov/ipeds/datacenter/SFA2223_STATA
2024,Admissions and Test Scores,"Admission considerations, applications, admissions, enrollees and test scores, fall 2024",ADM2024,https://nces.ed.gov/ipeds/data-generator?year=2024&amp;tableName=ADM2024&amp;HasRV=0&amp;type=csv&amp;t=639095446135801851,https://nces.ed.gov/ipeds/datacenter/ADM2024_STATA
2024,Cost,"Application fees, tuition and required fees, food and housing for undergraduate and graduate students",COST1_2024,https://nces.ed.gov/ipeds/data-generator?year=2024&amp;tableName=COST1_2024&amp;HasRV=0&amp;type=csv&amp;t=639095446135645613,https://nces.ed.gov/ipeds/datacenter/COST1_2024_STATA
2024,Frequently used/Derived variables,Selectivity and admissions yield: Fall 2024,DRVADM2024,https://nces.ed.gov/ipeds/data-generator?year=2024&amp;tableName=DRVADM2024&amp;HasRV=0&amp;type=csv&amp;t=639095446135801851,https://nces.ed.gov/ipeds/datacenter/DRVADM2024_STATA
2024,Frequently used/Derived variables,Total cost of attendance: Academic year 2024-25,DRVCOST2024,https://nces.ed.gov/ipeds/data-generator?year=2024&amp;tableName=DRVCOST2024&amp;HasRV=0&amp;type=csv&amp;t=639095446135645613,https://nces.ed.gov/ipeds/datacenter/DRVCOST2024_STATA
2024,Frequently used/Derived variables,"12-month unduplicated and full-time equivalent enrollment, and other selected 12-month enrollment indicators: July 1, 2023 to June 30, 2024",DRVEF122024,https://nces.ed.gov/ipeds/data-generator?year=2024&amp;tableName=DRVEF122024&amp;HasRV=0&amp;type=csv&amp;t=639095446135645613,https://nces.ed.gov/ipeds/datacenter/DRVEF122024_STATA
2024,Frequently used/Derived variables,"Enrollments, retention rates and other selected enrollment indicators: Fall 2024",DRVEF2024,https://nces.ed.gov/ipeds/data-generator?year=2024&amp;tableName=DRVEF2024&amp;HasRV=0&amp;type=csv&amp;t=639095446135645613,https://nces.ed.gov/ipeds/datacenter/DRVEF2024_STATA
2024,Frequently used/Derived variables,Revenues and expenditures: Fiscal year 2024,DRVF2024,https://nces.ed.gov/ipeds/data-generator?year=2024&amp;tableName=DRVF2024&amp;HasRV=0&amp;type=csv&amp;t=639095446135645613,https://nces.ed.gov/ipeds/datacenter/DRVF2024_STATA
2024,Frequently used/Derived variables,"Graduation rates of full-time, first-time degree/certifcate-seeking undergraduate students: cohort years 2016 and 2018 (4-year institutions) cohort years 2020 and 2021 (less-than-4-year institutions",DRVGR2024,https://nces.ed.gov/ipeds/data-generator?year=2024&amp;tableName=DRVGR2024&amp;HasRV=0&amp;type=csv&amp;t=639095446135801851,https://nces.ed.gov/ipeds/datacenter/DRVGR2024_STATA
2024,Frequently used/Derived variables,Average salaries and full-time equivalent staff: Fall 2024,DRVHR2024,https://nces.ed.gov/ipeds/data-generator?year=2024&amp;tableName=DRVHR2024&amp;HasRV=0&amp;type=csv&amp;t=639095446135645613,https://nces.ed.gov/ipeds/datacenter/DRVHR2024_STATA
2024,Frequently used/Derived variables,Award and enrollment (Outcome Measures) rates of degree/certifcate-seeking undergraduate entering students: Cohort year 2016-17,DRVOM2024,https://nces.ed.gov/ipeds/data-generator?year=2024&amp;tableName=DRVOM2024&amp;HasRV=0&amp;type=csv&amp;t=639095446135801851,https://nces.ed.gov/ipeds/datacenter/DRVOM2024_STATA
2024,Employees by Assigned Position,"Number of staff by occupational category, faculty and tenure status: Fall 2024",EAP2024,https://nces.ed.gov/ipeds/data-generator?year=2024&amp;tableName=EAP2024&amp;HasRV=0&amp;type=csv&amp;t=639095446135645613,https://nces.ed.gov/ipeds/datacenter/EAP2024_STATA
2024,12-Month Enrollment,"12-month unduplicated headcount by race/ethnicity, gender and level of student: 2023-24",EFFY2024,https://nces.ed.gov/ipeds/data-generator?year=2024&amp;tableName=EFFY2024&amp;HasRV=0&amp;type=csv&amp;t=639095446135645613,https://nces.ed.gov/ipeds/datacenter/EFFY2024_STATA
2024,12-Month Enrollment,12-month instructional activity: 2022-23,EFIA2024,https://nces.ed.gov/ipeds/data-generator?year=2024&amp;tableName=EFIA2024&amp;HasRV=0&amp;type=csv&amp;t=639095446135645613,https://nces.ed.gov/ipeds/datacenter/EFIA2024_STATA
2024,Finance,Public institutions - GASB 34/35: Fiscal year 2024,F2324_F1A,https://nces.ed.gov/ipeds/data-generator?year=2024&amp;tableName=F2324_F1A&amp;HasRV=0&amp;type=csv&amp;t=639095446135645613,https://nces.ed.gov/ipeds/datacenter/F2324_F1A_STATA
2024,Finance,Private not-for-profit institutions or Public institutions using FASB: Fiscal year 2024,F2324_F2,https://nces.ed.gov/ipeds/data-generator?year=2024&amp;tableName=F2324_F2&amp;HasRV=0&amp;type=csv&amp;t=639095446135645613,https://nces.ed.gov/ipeds/datacenter/F2324_F2_STATA
2024,Finance,Private for-profit institutions: Fiscal year 2024,F2324_F3,https://nces.ed.gov/ipeds/data-generator?year=2024&amp;tableName=F2324_F3&amp;HasRV=0&amp;type=csv&amp;t=639095446135645613,https://nces.ed.gov/ipeds/datacenter/F2324_F3_STATA
2024,Institutional Characteristics,Response status for all survey components,FLAGS2024,https://nces.ed.gov/ipeds/data-generator?year=2024&amp;tableName=FLAGS2024&amp;HasRV=0&amp;type=csv&amp;t=639095446135645613,https://nces.ed.gov/ipeds/datacenter/FLAGS2024_STATA
2024,12-Month Enrollment,Response status all survey components,FLAGS2024,https://nces.ed.gov/ipeds/data-generator?year=2024&amp;tableName=FLAGS2024&amp;HasRV=0&amp;type=csv&amp;t=639095446135645613,https://nces.ed.gov/ipeds/datacenter/FLAGS2024_STATA
2024,Admissions and Test Scores,Response status for all survey components,FLAGS2024,https://nces.ed.gov/ipeds/data-generator?year=2024&amp;tableName=FLAGS2024&amp;HasRV=0&amp;type=csv&amp;t=639095446135645613,https://nces.ed.gov/ipeds/datacenter/FLAGS2024_STATA
2024,Fall Enrollment,Response status for all survey components (updated January 2026),FLAGS2024,https://nces.ed.gov/ipeds/data-generator?year=2024&amp;tableName=FLAGS2024&amp;HasRV=0&amp;type=csv&amp;t=639095446135645613,https://nces.ed.gov/ipeds/datacenter/FLAGS2024_STATA
2024,Completions,Response status for all survey components,FLAGS2024,https://nces.ed.gov/ipeds/data-generator?year=2024&amp;tableName=FLAGS2024&amp;HasRV=0&amp;type=csv&amp;t=639095446135645613,https://nces.ed.gov/ipeds/datacenter/FLAGS2024_STATA
2024,Instructional Staff/Salaries,Response status for all survey components (updated January 2026),FLAGS2024,https://nces.ed.gov/ipeds/data-generator?year=2024&amp;tableName=FLAGS2024&amp;HasRV=0&amp;type=csv&amp;t=639095446135645613,https://nces.ed.gov/ipeds/datacenter/FLAGS2024_STATA
2024,Fall Staff,Response status for all survey components (updated January 2026),FLAGS2024,https://nces.ed.gov/ipeds/data-generator?year=2024&amp;tableName=FLAGS2024&amp;HasRV=0&amp;type=csv&amp;t=639095446135645613,https://nces.ed.gov/ipeds/datacenter/FLAGS2024_STATA
2024,Employees by Assigned Position,Response status for all survey components (updated January 2026),FLAGS2024,https://nces.ed.gov/ipeds/data-generator?year=2024&amp;tableName=FLAGS2024&amp;HasRV=0&amp;type=csv&amp;t=639095446135645613,https://nces.ed.gov/ipeds/datacenter/FLAGS2024_STATA
2024,Finance,Response status for all survey components (updated January 2026),FLAGS2024,https://nces.ed.gov/ipeds/data-generator?year=2024&amp;tableName=FLAGS2024&amp;HasRV=0&amp;type=csv&amp;t=639095446135645613,https://nces.ed.gov/ipeds/datacenter/FLAGS2024_STATA
2024,Graduation Rates,Response status for all survey components,FLAGS2024,https://nces.ed.gov/ipeds/data-generator?year=2024&amp;tableName=FLAGS2024&amp;HasRV=0&amp;type=csv&amp;t=639095446135645613,https://nces.ed.gov/ipeds/datacenter/FLAGS2024_STATA
2024,Outcome Measures,Response status for all survey components (revised September 2025),FLAGS2024,https://nces.ed.gov/ipeds/data-generator?year=2024&amp;tableName=FLAGS2024&amp;HasRV=0&amp;type=csv&amp;t=639095446135645613,https://nces.ed.gov/ipeds/datacenter/FLAGS2024_STATA
2024,Cost,Response status for all survey components (revised December 2025),FLAGS2024,https://nces.ed.gov/ipeds/data-generator?year=2024&amp;tableName=FLAGS2024&amp;HasRV=0&amp;type=csv&amp;t=639095446135645613,https://nces.ed.gov/ipeds/datacenter/FLAGS2024_STATA
2024,Student Financial Aid and Net Price,Response status for all survey components,FLAGS2024,https://nces.ed.gov/ipeds/data-generator?year=2024&amp;tableName=FLAGS2024&amp;HasRV=0&amp;type=csv&amp;t=639095446135645613,https://nces.ed.gov/ipeds/datacenter/FLAGS2024_STATA
2024,Academic Libraries,Response status for all survey components (updated January 2026),FLAGS2024,https://nces.ed.gov/ipeds/data-generator?year=2024&amp;tableName=FLAGS2024&amp;HasRV=0&amp;type=csv&amp;t=639095446135645613,https://nces.ed.gov/ipeds/datacenter/FLAGS2024_STATA
2024,Institutional Characteristics,Directory information,HD2024,https://nces.ed.gov/ipeds/data-generator?year=2024&amp;tableName=HD2024&amp;HasRV=0&amp;type=csv&amp;t=639095446135645613,https://nces.ed.gov/ipeds/datacenter/HD2024_STATA
2024,Institutional Characteristics,"Educational offerings, organization, services and athletic associations",IC2024,https://nces.ed.gov/ipeds/data-generator?year=2024&amp;tableName=IC2024&amp;HasRV=0&amp;type=csv&amp;t=639095446135645613,https://nces.ed.gov/ipeds/datacenter/IC2024_STATA
2024,Instructional Staff/Salaries,"Number and salary outlays for full-time nonmedical instructional staff, by gender, and academic rank: Academic year 2024-25",SAL2024_IS,https://nces.ed.gov/ipeds/data-generator?year=2024&amp;tableName=SAL2024_IS&amp;HasRV=0&amp;type=csv&amp;t=639095446135645613,https://nces.ed.gov/ipeds/datacenter/SAL2024_IS_STATA
2024,Instructional Staff/Salaries,"Number and salary outlays for full-time nonmedical noninstructional staff, by gender, and academic rank: Academic year 2024-25",SAL2024_NIS,https://nces.ed.gov/ipeds/data-generator?year=2024&amp;tableName=SAL2024_NIS&amp;HasRV=0&amp;type=csv&amp;t=639095446135645613,https://nces.ed.gov/ipeds/datacenter/SAL2024_NIS_STATA
2024,Student Financial Aid and Net Price,Student financial aid and net price: 2023-24,SFA2324,https://nces.ed.gov/ipeds/data-generator?year=2024&amp;tableName=SFA2324&amp;HasRV=0&amp;type=csv&amp;t=639095446135801851,https://nces.ed.gov/ipeds/datacenter/SFA2324_STATA
