agency,source_file,grant_id,grant_id_core,status,status_bucket,currently_disrupted,organization_name,organization_name_display,organization_state,organization_city,organization_type,project_title,project_abstract,is_pass_through_or_grantmaker,pass_through_keyword_match,start_date,original_end_date,termination_date,reinstatement_date,award_value,award_outlaid,award_remaining,remaining_field,source_url,detail_url,likely_higher_ed,matched_unitid,tracker_institution_name,tracker_city,tracker_state,tracker_control_label,tracker_category,match_method,in_financial_tracker
epa,epa_terminations.csv,84093901,84093901,❌ Terminated,currently_disrupted,TRUE,OPPORTUNITY FINANCE NETWORK,Opportunity Finance Network,Pennsylvania,Philadelphia,Not for Profit,GGRF CCIA: Community Lenders CLIMB: Clean Lending Investment MoBilization,"DESCRIPTION:THIS AGREEMENT PROVIDES FUNDING UNDER THE INFLATION REDUCTION ACT (IRA) TO OPPORTUNITY FINANCE NETWORK (OFN). THE RECIPIENT WILL PROVIDE FUNDING AND TECHNICAL ASSISTANCE TO COMMUNITY LENDERS WHO WILL IN TURN FINANCE CLEAN TECHNOLOGY DEPLOYMENT IN LOW-INCOME AND DISADVANTAGED COMMUNITIES WHILE SIMULTANEOUSLY BUILDING THE CAPACITY OF THE COMMUNITY LENDERS TO DRAW ON THAT CAPITAL TO CATALYZE DEPLOYMENT OF PROJECTS IN COMMUNITIES ACROSS THE COUNTRYMDASH;ESPECIALLY IN COMMUNITIES THAT HAVE LONG FACED BARRIERS ACCESSING CAPITAL AND THAT MOST NEED THE BENEFITS OF CLEAN TECHNOLOGY PROJECTS. SPECIFICALLY, THE RECIPIENT'S COMMUNITY LENDERS CLIMB: CLEAN LENDING INVESTMENT MOBILIZATION (CLIMB) PROGRAM WILL PUT MISSION-DRIVEN COMMUNITY LENDERS AT THE FOREFRONT OF MARKET TRANSFORMATION FOR CLEAN FINANCE IN LOW-INCOME AND DISADVANTAGED COMMUNITIES. OFN WILL LEVERAGE ITS DEEP EXPERIENCE AS A HUB NONPROFIT TO PROVIDE A COMPREHENSIVE FINANCIAL AND TECHNICAL PACKAGE TO ITS MEMBERS, SO THEY CAN COMBAT CLIMATE CHANGE, IMPROVE EQUITY, AND DELIVER BENEFITS TO THEIR COMMUNITIES.
ACTIVITIES:THE ACTIVITIES INCLUDE LEVERAGING CCIA FUNDING TO PROVIDE CAPITALIZATION FUNDING AND TECHNICAL ASSISTANCE (TA) SUBAWARDS TO MISSION-DRIVEN COMMUNITY LENDERS TO BUILD THEIR CAPACITY TO INVEST AND REINVEST IN PROJECTS, ACTIVITIES, AND TECHNOLOGIES THAT REDUCE EMISSIONS OF GREENHOUSE GASES AND OTHER AIR POLLUTANTS. OFN DESIGNED ITS CLIMB INVESTMENT STRATEGY TO TRANSFORM CLEAN FINANCING MARKETS AND IMPROVE HEALTH AND ECONOMIC OUTCOMES IN LOW-INCOME AND DISADVANTAGED COMMUNITIES BY GROWING MEMBERS' CLEAN FINANCING CAPACITY WITH A THOUGHTFUL PASS-THROUGH STRATEGY AND CURATED TA SERVICES. OFN WILL EFFECTIVELY AND EQUITABLY ANALYZE CAPITALIZATION FUNDING AND TA SUBAWARD APPLICATIONS USING ITS CLIMATE LENDING INVESTMENT MOBILIZATION ASSESSMENT TOOL (CLIMAT).
SUBRECIPIENT:THE RECIPIENT WILL PROVIDE CAPITALIZATION FUNDING AND TECHNICAL ASSISTANCE (TA) SUBAWARDS TO MISSION-DRIVEN COMMUNITY LENDERS, WHICH WILL BE USED TO SUPPORT THEIR MATURATION AND MARKET TRANSFORMATION WITH THE PIPELINES AND CAPACITY TO DEPLOY CCIA FUNDING AND PRIVATE CAPITAL TO ELIGIBLE PROJECTS BENEFITTING LOW-INCOME AND DISADVANTAGED COMMUNITIES, INCLUDING HOUSEHOLDS AND BUSINESSES, IN BOTH THE SHORT- AND LONG-TERM. SPECIFICALLY, OPPORTUNITY FINANCE NETWORK WILL REACH AND GROW ITS NETWORK OF MORE THAN 400 MISSION-DRIVEN COMMUNITY LENDERS, WHO IN TURN, VIA SUBAWARDS, WILL FINANCE CLEAN ENERGY PROJECTS SPANNING DISTRIBUTED ENERGY GENERATION AND STORAGE (E.G., COMMUNITY SOLAR/WIND, RESIDENTIAL ROOFTOP SOLAR), NET-ZERO EMISSIONS BUILDINGS (E.G., SINGLE AND MULTI-FAMILY RESIDENTIAL, COMMUNITY LOCATIONS, COMMERCIAL, MUNICIPAL), AND ZERO EMISSIONS TRANSPORTATION (E.G., ZERO EMISSIONS VEHICLES, CHARGING STATIONS) IN LOW-INCOME AND DISADVANTAGED COMMUNITIES, THEREBY ENABLING THEM TO BENEFIT FROM ENHANCED AIR QUALITY, BOOSTED PROPERTY VALUES, THRIVING DIVERSE SMALL BUSINESSES, WEALTH-BUILDING OPPORTUNITIES IN THE CLEAN ENERGY ECONOMY, AND CLEAN ENERGY JOBS.OUTCOMES:THE ANTICIPATED DELIVERABLES INCLUDE CAPITALIZATION FUNDING AND TECHNICAL ASSISTANCE (TA) SUBAWARDS TO MISSION-DRIVEN COMMUNITY LENDERS, WITH 100% OF CCIA GRANT FUNDS DEPLOYED FOR THE PURPOSES OF PROVIDING FINANCIAL AND TECHNICAL ASSISTANCE SERVING LOW-INCOME AND DISADVANTAGED COMMUNITIES. 

THE EXPECTED OUTCOMES SPAN ALL THREE PROGRAM OBJECTIVES AND INCLUDE REDUCED OR AVOIDED GREENHOUSE GAS EMISSIONS AND OTHER AIR POLLUTANTS, ENHANCED HEALTH AND ECONOMIC OUTCOMES (E.G., AIR QUALITY, HOUSEHOLD WEALTH, FINANCIAL SAVINGS, ENERGY SAVINGS, BUSINESS DEVELOPMENT, JOB CREATION, TRAINING AND DEVELOPMENT) FOR THE LOW-INCOME AND DISADVANTAGED COMMUNITIES MOST AFFECTED BY CLIMATE CHANGE, AND A REVOLUTIONIZED APPROACH TO CLEAN FINANCING VIA CAPITALIZATION FUNDING AND TA SUBAWARDS TO MISSION-DRIVEN COMMUNITY LENDERS AND THE MOBILIZATION OF PRIVATE CAPITAL. THE INTENDED BENEFICIARIES INCLUDE LOW-INCOME AND DISADVANTAGED COMMUNITIES, INCLUDING HOUSEHOLD",TRUE,pass-through,2024-04-01,2030-06-30,2025-03-11,,2290000000,2290000000,2290000000,award_remaining,https://www.usaspending.gov/award/ASST_NON_84093901_068/,https://enviro.epa.gov/envirofacts/nggs/report?grantId=84093901,FALSE,,,,,,,unmatched,FALSE
epa,epa_terminations.csv,84094401,84094401,❌ Terminated,currently_disrupted,TRUE,APPALACHIAN COMMUNITY CAPITAL CORPORATION,Appalachian Community Capital Corporation,Virginia,Christiansburg,Not for Profit,"GGRF CCIA: Green Bank for Appalachia, Energy Communities, and Underserved Rural America","DESCRIPTION:THIS AGREEMENT PROVIDES FUNDING UNDER THE INFLATION REDUCTION ACT (IRA) TO APPALACHIAN COMMUNITY CAPITAL CORPORATION. THE RECIPIENT WILL UTILIZE THE FUNDING TO REDUCE EMISSIONS OF GREENHOUSE GASES AND OTHER AIR POLLUTANTS; DELIVER BENEFITS OF GREENHOUSE GAS- AND AIR POLLUTION-REDUCING PROJECTS TO AMERICAN COMMUNITIES, PARTICULARLY LOW-INCOME AND DISADVANTAGED COMMUNITIES; AND MOBILIZE FINANCING AND PRIVATE CAPITAL TO STIMULATE ADDITIONAL DEPLOYMENT OF GREENHOUSE GAS- AND AIR POLLUTION-REDUCING PROJECTS. SPECIFICALLY, THE RECIPIENT WILL FUND CLEAN ENERGY INVESTMENTS CONSISTING OF MANY PROJECTS ACROSS DISTRIBUTED RENEWABLE ENERGY GENERATION AND STORAGE, NET-ZERO EMISSIONS BUILDING CONSTRUCTION AND RENOVATION, AND ZERO EMISSION VEHICLES. IN ADDITION, THE RECIPIENT WILL UNDERTAKE ROBUST COMMUNITY ENGAGEMENT AND WORKFORCE DEVELOPMENT. THE BENEFITS FROM THESE ACTIVITIES INCLUDE LEVERAGING LARGE AMOUNTS OF PRIVATE CAPITAL IN APPALACHIA, RURAL AMERICA, AND OTHER LOW-INCOME AND DISADVANTAGED COMMUNITIES, MARKET TRANSFORMATION BENEFITS ALLOWING FOR GREATER ACCESS TO CAPITAL, BETTER HEALTH OUTCOMES FOR AMERICANS, AND MUCH NEEDED JOB CREATION.
ACTIVITIES:THE ACTIVITIES INCLUDE FUNDING CLEAN ENERGY PROJECTS THROUGH COMMUNITY LENDERS. THE TYPE OF PROJECTS INCLUDE DISTRIBUTED RENEWABLE ENERGY GENERATION, NET-ZERO EMISSIONS BUILDING CONSTRUCTION AND RENOVATION, AND ZERO EMISSION VEHICLES. COMMUNITY ENGAGEMENT AND WORKFORCE DEVELOPMENT THROUGH TECHNICAL ASSISTANCE PASS-THROUGH GRANTS WILL ALSO BE A LARGE PART OF THE AWARD.SUBRECIPIENT:THE SUBAWARD WILL BE AWARDED TO GREEN BANK FOR RURAL AMERICA, A SUBSIDIARY OF APPALACHIAN COMMUNITY CAPITAL. THE GREEN BANK FOR RURAL AMERICA WILL BE CARRYING OUT THE ACTIVITIES LISTED IN PREVIOUS SECTIONS WHILE APPALACHIAN COMMUNITY CAPITAL WILL ACT IN AN ADMINISTRATIVE AND STEERING CAPACITY. THOSE ACTIVITIES, TO REITERATE, INCLUDE FUNDING CLEAN ENERGY PROJECTS THROUGH COMMUNITY LENDERS. THE TYPE OF PROJECTS INCLUDE DISTRIBUTED RENEWABLE ENERGY GENERATION, NET-ZERO EMISSIONS BUILDING CONSTRUCTION AND RENOVATION, AND ZERO EMISSION VEHICLES. COMMUNITY ENGAGEMENT AND WORKFORCE DEVELOPMENT THROUGH TECHNICAL ASSISTANCE PASS-THROUGH GRANTS WILL ALSO BE A LARGE PART OF THE AWARD.OUTCOMES:THE ANTICIPATED DELIVERABLES INCLUDE FINANCED CLEAN ENERGY-RELATED PROJECTS, COMMUNITY ENGAGEMENT SERVICES (INCLUDING PUBLIC AND PRIVATE CAPITAL), AND WORKFORCE DEVELOPMENT SERVICES (INCLUDING PUBLIC AND PRIVATE CAPITAL).

THE EXPECTED OUTCOMES INCLUDE GREENHOUSE GAS AND OTHER POLLUTANT REDUCTION, LARGE AMOUNTS OF PRIVATE CAPITAL MOBILIZED, MANY NEW JOBS CREATED, JOB TRAINING SERVICES, AND A LARGE NETWORK OF COMMUNITY LENDERS SUPPORTED THROUGH THE AWARD. THESE OUTCOMES ARE PROJECTED TO CONTINUE AFTER THE AWARD PERIOD.

THE INTENDED BENEFICIARIES INCLUDE APPALACHIAN COMMUNITIES, RURAL AND LOW-INCOME AND DISADVANTAGED COMMUNITIES NATION-WIDE, BUSINESS OWNERS, HOMEOWNERS, AND BENEFICIARIES OF AFFORDABLE HOUSING. A REDUCTION IN ENERGY BURDEN AND GREENHOUSE GASES WILL BENEFIT THE AMERICAN PUBLIC AT LARGE.",TRUE,pass-through,2024-04-01,2030-03-31,2025-03-11,,500000000,500000000,500000000,award_remaining,https://www.usaspending.gov/award/ASST_NON_84094401_068/,https://enviro.epa.gov/envirofacts/nggs/report?grantId=84094401,FALSE,,,,,,,unmatched,FALSE
epa,epa_terminations.csv,84084201,84084201,❌ Terminated,currently_disrupted,TRUE,RESEARCH TRIANGLE INSTITUTE,Research Triangle Institute,North Carolina,Research Triangle Park,,Grant to Research Triangle Institute,"DESCRIPTION:RESEARCH TRIANGLE INSTITUTE (RTI) WILL UTILIZE THE SUBSEQUENT AWARD TOTALING $95,000,000 IN EJ TCGM FUNDING TO SERVE AS ONE OF ELEVEN GRANTMAKER ORGANIZATIONS THAT ARE CHARGED WITH IMPLEMENTING THE PROGRAM. RTI WILL SERVE IN THE CAPACITY OF A NATIONAL GRANTMAKER (CENTRAL REGIONS) AS WELL AS THE PROVISION OF DIRECT ASSISTANCE TO REGIONS 4 AND REGION 7.  RTI WILL IMPLEMENT AND DEPLOY FEDERAL FINANCIAL ASSISTANCE TO INSTILL RESILIENCE TO UNDERSERVED COMMUNITIES INCLUSIVE OF REGIONS 4, 5, 6 AND 7.

THIS FUNDING IS THE LATTER HALF OF THE BIFURCATED AWARD THAT WILL BE USED FOR PASSTHROUGH GRANTMAKING ACTIVITIES AUTHORIZED UNDER CAA 138(B). THE RTI NATIONAL GRANTMAKER (CENTRAL REGIONS) WILL BE FUNDED BY THE INFLATION REDUCTION ACT (IRA) APPROPRIATIONS AT THE LEVEL TOTALING $120 MILLION AND DIVIDED INTO TWO AWARDS. THE INITIAL AWARD OF $25 MILLION WAS MADE IN AUGUST 2024 AND THE SUBSEQUENT AWARD OF $95 MILLION IS SLATED FOR DECEMBER 2024. THE BIFURCATED AWARD IS SOURCED FROM THE SAME FUNDING BUT WILL MAINTAIN SEPARATE BUT OVERLAPPING TIMELINES TO MEET THE OVERALL COMPONENTS OF THE AWARD. THE SUBSEQUENT AWARD INCLUDES AWARD COMPETITION, SELECTION AND DISTRIBUTION OF FUNDS, CAPACITY BUILDING AND TECHNICAL ASSISTANCE FOR REGIONAL GRANTMAKERS AND SUBRECIPIENTS, PARTICIPATORY GOVERNANCE AND OUTREACH EFFORTS THAT WILL SUPPORT THE REGIONAL GRANTMAKERS IN 4,5,6, AND 7 AS WELL AS ADDRESSING COVERAGE GAPS THAT THEY MAY HAVE DIFFICULTY REACHING. GAPS INCLUDE, BUT IS NOT LIMITED TO, REMOTE AND/OR RURAL AREAS OF THE U.S. TERRITORIES AND PARTS OF THE CONTIGUOUS UNITED STATES. 

OEJECR HAS ALSO PROVIDED ADDITIONAL WITHIN-SCOPE SUPPLEMENTAL FUNDING FOR EACH GRANTMAKER TO ADDRESS  QUALITY ASSURANCE (QA), HUMAN SUBJECTS REVIEW (HSR), AS WELL AS PROVIDE FUNDING FOR ADDITIONAL MEANINGFUL OUTREACH AND GAP FILLING TO REMOTE, RURAL AND HARD-TO-REACH AREAS OF THE COUNTRY, AND TERRITORIES THAT MUST BE ADJUSTED DUE TO ELEVATED TRAVEL COSTS. SUPPLEMENTAL FUNDS TOTAL  $20M OF THE $95 MILLION AND WILL BE USED TO SUPPORT THE SUCCESSFUL DISTRIBUTION AND COMPLETION PROJECTS FUNDED UNDER THE SUBAWARDS.
IT SHOULD BE NOTED THAT THE INITIAL AWARD ENABLED THE GRANTMAKER TO PERFORM THE TASKS NEEDED TO PLAN AND IMPLEMENT PROPOSED PARTICIPATORY GOVERNANCE, OUTREACH, AND SYSTEM MOBILIZATION EFFORTS THAT ESTABLISHED THE CRITERIA FOR THE COLLECTION, REVIEW, SELECTION, AND DISTRIBUTION OF THE EJ THRIVING COMMUNITIES SUBAWARDS. THE PASS-THROUGH MODEL DEVELOPED BY EPA IS CENTRAL TO THE NEW APPROACH, AS IT  ALLOWS THE GRANTMAKERS TO DISTRIBUTE SMALLER SUBAWARDS TO COMMUNITY-BASED ORGANIZATIONS (CBOS) MORE EFFICIENTLY THAN THE TRADITIONAL FEDERAL GRANTS PROCESS. THIS MODEL WILL ENDEAVOR TO ENSURE THAT UNDERSERVED COMMUNITIES CAN ACCESS FUNDS MORE QUICKLY AND WITH FEWER ADMINISTRATIVE BURDENS. THE WORK PREVIOUSLY CONDUCTED UNDER THE ENVIRONMENTAL JUSTICE SMALL GRANTS PROGRAM WILL BE MANAGED BY GRANTMAKERS WHILE ALLOWING EPA TO FOCUS ON ASSESSMENT, PLANNING, AND PROJECT DEVELOPMENT.

RTI HAS EXTENSIVE EXPERIENCE IN GRANTMAKING AND PROVIDING TECHNICAL SUPPORT FOR EQUITY-CENTERED APPROACHES THAT BUILD COLLABORATIVE ENVIRONMENTALLY BASED OUTCOMES AND WILL ENDEAVOR TO ENSURE THAT EPA FUNDS UNDER THE THRIVING COMMUNITY GRANTMAKER PROGRAM ARE MANAGED AND DISTRIBUTED TO COMMUNITIES THAT ARE MOST IN NEED OF ADDRESSING HEALTH AND ENVIRONMENTAL CHALLENGES. BY INCREASING FUNDING ACCESS AND REDUCING ADMINISTRATIVE BARRIERS, THE EPA AIMS TO EMPOWER DISADVANTAGED COMMUNITIES TO ADDRESS LONG-STANDING ENVIRONMENTAL JUSTICE CHALLENGES. THIS APPROACH ALIGNS WITH THE GOALS OF EXECUTIVE ORDERS 13985 AND 14008, WHICH PRIORITIZE EQUITABLE ACCESS TO FEDERAL RESOURCES AND EMPHASIZES THE NEED FOR INCLUSIVE DECISION-MAKING PROCESSES THAT ADVANCE ENVIRONMENTAL JUSTICE NATIONWIDE.   
ACTIVITIES:AS IT RELATES TO EPA REGION 4, RTI WILL PARTNER WITH THE SOUTHERN ENVIRONMENTAL LAW CENTER (SELC), NATIONAL CENTER FOR HEALTHY HOUSING, INTERNATIONAL CITY/COUNTY HOUSING, INTERNATIONAL CITY/COUNTY MAN",TRUE,regional grantmaker; pass-through,2025-01-01,2027-12-31,2025-04-30,,95000000,463222.4,94536777.6,award_remaining,https://www.usaspending.gov/award/ASST_NON_84084201_068/,,FALSE,,,,,,,unmatched,FALSE
epa,epa_terminations.csv,98T97502,98T97502,❌ Terminated,currently_disrupted,TRUE,"SOCIAL AND ENVIRONMENTAL ENTREPRENEURS (SEE), INC.","Social and Environmental Entrepreneurs (See), Inc.",California,Calabasas,,"Grant to Social and Environmental Entrepreneurs (See), Inc.","DESCRIPTION:THIS AGREEMENT PROVIDES FUNDING UNDER THE INFLATION REDUCTION ACT (IRA) TO SOCIAL AND ENVIRONMENTAL ENTREPRENEURS (S.E.E.), A REGIONAL GRANTMAKER. THE RECIPIENT WILL RECEIVE $42 MILLION IN IRA FUNDS FOR DISTRIBUTIONS OF TIER 1-3 SUBAWARDS, WHICH INCLUDES $2 MILLION FOR PROGRAMMATIC TRACKING#8239;AND FINAL REPORTING. S.E.E. WILL DISTRIBUTE SUBAWARDS AND GRANT PAYMENTS TO SUBGRANTEES IN ACCORDANCE WITH EPA REQUIREMENTS, ISSUE SUBAWARD AGREEMENTS IN A TIMELY MANNER AND ESTABLISH A CLEAR UNDERSTANDING OF POLICIES, INVOICING AND MONITORING ACTIVITIES FOR THE DURATION OF THE GRANT PROJECT PERIOD. S.E.E. WILL TRACK SUBAWARDS BY CONDUCTING REGULARLY SCHEDULED CHECK-INS WITH AWARDED SUBGRANTEES AND ENSURE ALL COSTS ARE ELIGIBLE AND ALLOWABLE. 

THIS AGREEMENT PROVIDES FULL FEDERAL FUNDING IN THE AMOUNT OF $42,000,000. REFER TO TERMS AND CONDITIONS.
ACTIVITIES:THE ACTIVITIES IN THE SUBSEQUENT AWARD INCLUDE MONTHLY APPLICATION REVIEW AND SELECTION BY S.E.E, STATUTORY PARTNERS, AND THE COMMUNITY ADVISORY PANEL, AS WELL AS TIMELY SUBAWARD DISTRIBUTION. IN ADDITION, S.E.E. WILL TRACK AND MANAGE 197 SUBAWARD AGREEMENTS.

THE ACTIVITIES THAT ARE ESSENTIAL TO FACILITATE AND MANAGE GRANTS DISTRIBUTION INCLUDE UTILIZING S.E.E.'S PROCESS FOR PROJECT MANAGEMENT TRACKING AND REPORTING, CONDUCTING MONTHLY MEETINGS WITH SUBGRANTEES, AND MONITOR SUBGRANTEE DRAWDOWNS TO ASSURE THAT DELIVERABLES ARE MET.

THE ANTICIPATED DATE FOR THE TIER 1-3 REQUEST FOR APPLICATIONS IS JANUARY 2025.

SUBRECIPIENT:THE SUBAWARD ACTIVITIES INCLUDE 197 SUBAWARDS FOR ASSESSMENT, PLANNING, AND PROJECT DEVELOPMENT PROJECTS. ADDITIONALLY, COMMUNITY FOUNDATION FOR SOUTHERN ARIZONA, INTERNATIONAL COMMUNITY FOUNDATION, LIBERTY HILL FOUNDATION, NATIVE AMERICANS IN PHILANTHROPY, AND RESOURCES LEGACY FUND WILL RECEIVE SUBAWARDS TO AID S.E.E. IN THE REVIEW, SELECTION, AND MANAGEMENT OF SUBGRANTEES.OUTCOMES:THE ANTICIPATED DELIVERABLES FOR THE SUBSEQUENT AWARD INCLUDE REVIEWING APPLICATIONS, CONDUCTING INTERVIEWS WITH FINALISTS, ISSUING 197 SUBAWARDS, AND CONDUCTING REGULAR MEETINGS WITH SUBGRANTEES. 

THE EXPECTED OUTCOMES INCLUDE A STREAMLINED ABILITY TO APPLY FOR FEDERAL FUNDS, INCREASED AMOUNT OF FEDERAL FUNDS TO UNDERSERVED COMMUNITIES, IMPROVED ENVIRONMENTAL AND PUBLIC HEALTH WITHIN REGION 9, AND THE CREATION OF A FRAMEWORK FOR COMMUNITY INPUT THAT WILL PROMOTE EQUITY FOR DISADVANTAGED COMMUNITIES. 

THE INTENDED BENEFICIARIES INCLUDE COMMUNITIES ACROSS EPA REGION 9 (AZ, CA, HI, NV, AMERICAN SAMOA, COMMONWEALTH OF THE NORTHERN MARIANA ISLANDS, GUAM, AND 148 TRIBES).",TRUE,regional grantmaker; subgrantee; subgrantees; subaward distribution,2025-01-06,2028-01-05,2025-05-01,,52000000,104629.92,51895370.08,award_remaining,https://www.usaspending.gov/award/ASST_NON_98T97502_068/,,FALSE,,,,,,,unmatched,FALSE
epa,epa_terminations.csv,96265602,96265602,❌ Terminated,currently_disrupted,TRUE,FORDHAM UNIVERSITY,Fordham University,New York,Bronx,,Grant to Fordham University,"DESCRIPTION:THIS AGREEMENT PROVIDES FUNDING UNDER THE INFLATION REDUCTION ACT TO FORDHAM UNIVERSITY TO SUPPORT NONPROFIT ORGANIZATIONS AND ORGANIZATIONS REPRESENTING DISADVANTAGED COMMUNITIES THROUGH ITS THRIVING COMMUNITIES GRANTMAKER INITIATIVE TITLED FLOURISHING IN COMMUNITIES (FIC). THE RECIPIENT, A REGIONAL GRANTMAKER, PROPOSES AN INTERSECTIONAL APPROACH TO PLACE FRONTLINE COMMUNITIES IN POSITIONS OF POWER TO ADVANCE ENVIRONMENTAL JUSTICE AND CLIMATE JUSTICE IN DISADVANTAGED AND HARD -TO-REACH COMMUNITIES AND COMMUNITIES DISPROPORTIONATELY IMPACTED BY CLIMATE CHANGE, POLLUTION, AND OTHER ENVIRONMENTAL STRESSORS IN NEW YORK, NEW JERSEY, PUERTO RICO, AND U.S. VIRGIN ISLANDS. SPECIFICALLY, FORDHAM UNIVERSITY INTENDS TO AWARD AND MANAGE COMPETITIVE AND NONCOMPETITIVE SUBGRANTS THROUGH ITS FLOURISHING IN COMMUNITIES FUNDING PROGRAM. IN ADDITION, THE RECIPIENT WILL OVERSEE PROGRAMMATIC TRACKING, DISTRIBUTE FUNDS AND PROVIDE WRAP-AROUND SUPPORT TO  ENSURE THE SUCCESS OF THE SUBGRANTEES. THIS GRANTMAKER FUNDING PROGRAM WILL REDUCE BARRIERS THE FEDERAL GRANT PROCESS PLACES ON SMALL, RESOURCE-CONSTRAINED COMMUNITY-BASED NONPROFITS SUPPORTING THE UNDERSERVED COMMUNITIES.

THE PURPOSE OF THIS AWARD IS TO FUND THE SUBSEQUENT AWARD FOR THE PASS-THROUGH ENTITY FORDHAM UNIVERSITY.ACTIVITIES:THE ACTIVITIES IN THE SUBSEQUENT AWARD INCLUDE A RANGE OF INITIATIVES DESIGNED TO PROMOTE AND IMPLEMENT A COMPREHENSIVE SUBGRANT FUNDING PROGRAM. THIS INCLUDES HOSTING A SERIES OF MEETINGS, WORKSHOPS, AND WEBINARS BOTH IN PERSON AND VIRTUAL TO ENCOURAGE ELIGIBLE STAKEHOLDER PARTICIPATION AND RAISE AWARENESS ABOUT THE SUBGRANT OPPORTUNITIES. ALSO, TO EFFECTIVELY IMPLEMENT THE SUBGRANT PROGRAM, FORDHAM UNIVERSITY WILL OPEN THEIR THRIVING COMMUNITIES SUBGRANT PROGRAM FOR COMPETITIVE AND NONCOMPETE AWARDS, DEVELOP A QUALITY MANAGEMENT PLAN, CONDUCT APPLICATION REVIEWS, ESTABLISH AN EVALUATE PROCESS TO REVIEW AND RANK ELIGIBLE APPLICATION, MANAGE AND DISTRIBUTE FUNDS TO ELIGIBLE SUBGRANTEES. IN ADDITION, FORDHAM UNIVERSITY WILL CONDUCT POST AWARD MONITORING OF SUBGRANTEES TO ENSURE COMPLIANCE AND ASSESS PROGRESS WITH REGULAR REPORTING ON THE OUTCOMES OF THE FUNDED PROJECTS. SUBRECIPIENT:FORDHAM UNIVERSITY WILL ADMINISTER SUBAWARDS UNDER THIS COOPERATIVE AGREEMENT WITH ACTIVITIES INCLUDING PROJECT COORDINATION, APPLICATION INTAKE, AND OUTREACH EFFORTS. AS A PASS-THROUGH ENTITY, FORDHAM UNIVERSITY WILL ALSO MANAGE AND DISTRIBUTE FUNDS THROUGH ITS THRIVING COMMUNITIES GRANTMAKER PROGRAM TO ELIGIBLE SUBGRANTEES.OUTCOMES:IT IS ANTICIPATED THAT THIS PROJECT WILL RESULT IN THE FOLLOWING DELIVERABLES AND EXPECTED OUTCOMES: DEVELOPMENT OF  A QUALITY MANAGEMENT PLAN, FORTY-EIGHT INFORMATION SESSIONS ACROSS NEW YORK, NEW JERSEY, PUERTO RICO AND THE U.S. VIRGIN ISLANDS, DEVELOPMENT A ROBUST COMMUNICATION STRATEGY, AWARD APPROXIMATELY 300 COMPETITIVE AND NON-COMPETITIVE SUBAWARDS TO ELIGIBLE SUBGRANTEES, CREATE AN INTUITIVE ONLINE PLATFORM AND DASHBOARD FOR SUBGRANTEES TO EASILY TO APPLY, TRACK PROJECTS AND ACCESS RELEVANT INFORMATION AND RESOURCES RELATED TO THE GRANT PROCESS. DIRECT BENEFICIARIES OF THE PROGRAM INCLUDE RESIDENT LOCATED IN NEW JERSEY, NEW YORK, PUERTO RICO AND THE UNITED STATES VIRGIN ISLAND AND INDIAN NATIONS.",TRUE,grantmaker initiative; regional grantmaker; subgrantee; subgrantees; pass-through entity; pass-through; manage and distribute funds; administer subawards; will administer subawards; competitive and noncompetitive subgrants,2025-01-02,2028-01-01,2025-05-02,,52000000,134448.2,51865551.8,award_remaining,https://www.usaspending.gov/award/ASST_NON_96265602_068/,,TRUE,191241,Fordham University,Bronx,New York,Private not-for-profit,"Degree-granting, primarily baccalaureate or above",normalized_name_city_state,TRUE
epa,epa_terminations.csv,00I50002,00I50002,❌ Terminated,currently_disrupted,TRUE,JSI RESEARCH & TRAINING INSTITUTE INC,Jsi Research & Training Institute Inc,Massachusetts,Boston,,Grant to Jsi Research & Training Institute Inc,"DESCRIPTION:THIS AGREEMENT PROVIDES FUNDING UNDER THE INFLATION REDUCTION ACT (IRA) TO JSI RESEARCH AND TRAINING INSTITUTE. THE RECIPIENT IS THE REGIONAL GRANTMAKER FOR REGION 8 JSI, TOGETHER WITH THEIR PARTNERS, PROPOSES TO ESTABLISH THE MOUNTAINS AND PLAINS ENVIRONMENTAL JUSTICE GRANTS HUB ('MAP EJ GRANTS HUB') AS THE REGION 8 THRIVING COMMUNITIES GRANTMAKER, ACTING AS A PASS-THROUGH ENTITY TO PROVIDE $ 40 MILLION IN GRANT FUNDS VIA SUBAWARDS TO COMMUNITY-BASED NONPROFIT ORGANIZATIONS AND OTHER ELIGIBLE SUBRECIPIENT GROUPS REPRESENTING UNDERSERVED AND DISADVANTAGED COMMUNITIES IN REGION 8. IN ADDITION, $2 MILLION WILL BE USED TO ACHIEVE MEASURABLE ENVIRONMENTAL, PUBLIC HEALTH, AND QUALITY OF LIFE IMPROVEMENTS IN THE MOST OVERBURDENED, VULNERABLE AND UNDERSERVED COMMUNITIES BY CO-DESIGNING AN EQUITABLE AND INCLUSIVE GRANTMAKING APPLICATION AND PARTICIPATORY GOVERNANCE SCORING PROCESS, ENGAGING IN ROBUST, DIVERSE, AND CULTURALLY RESPONSIVE OUTREACH TO COMMUNITIES ACROSS REGION 8, IMPLEMENTING SUBGRANT MANAGEMENT THAT REDUCES THE BURDEN ON SUBGRANTEES, AND ENGAGING IN MONITORING, EVALUATION, AND REPORTING THAT ENSURES THE INTEGRITY, COMPLIANCE, AND IMPACT OF THE PROGRAM. THE PURPOSE OF THIS AWARD IS TO FUND THE SUBSEQUENT AWARD FOR THE PASS-THROUGH ENTITY JSI RESEARCH AND TRAINING INSTITUTE.ACTIVITIES:THE ACTIVITIES IN THE SUBSEQUENT AWARD PHASE INCLUDE THE DISTRIBUTION OF $40 MILLION IN SUBAWARD TO ELIGIBLE ENTITIES SERVING DISADVANTAGED COMMUNITIES THROUGHOUT REGION 8. ELIGIBLE ENTITIES INCLUDE THE FOLLOWING: NONPROFIT ORGANIZATIONS, TRIBAL GOVERNMENTS (BOTH FEDERALLY RECOGNIZED AND STATE-RECOGNIZED) AND INTERTRIBAL CONSORTIA, LOCAL GOVERNMENTS, INSTITUTIONS OF HIGHER EDUCATION, AND NATIVE AMERICAN ORGANIZATIONS. ADDITIONAL ACTIVITIES INCLUDE THE MANAGEMENT, REPORTING, AND CLOSEOUT OF SUBAWARDS IN ACCORDANCE WITH EPA AND OTHER FEDERAL REGULATIONS AND POLICIES. 
DETAILS OF ACTIVITIES ARE SPECIFIED BELOW:
-	FUNDS DISBURSEMENT AND MANAGEMENT
-	SUPPORT AND TECHNICAL OVERSIGHT TO SUBGRANTEES 
-	MONITORING AND REPORTING FOR SUBGRANTS

PRIOR TO THE DRAWDOWN OF FUNDS OF THIS AWARD THE FOLLOWING MILESTONES WILL HAVE HAD TO BEEN MET AND ACKNOWLEDGED BY PROJECT OFFICER:
-	AWARD 1 WORKPLAN NEGOTIATION COMPLETED
-	QUALITY MANAGEMENT PLAN
-	CONFLICT OF INTEREST POLICY 
-	DEVELOP DRAFT PERFORMANCE MEASUREMENT AND MONITORING PLAN; UPDATE ON AN ANNUAL BASIS  
-	CONFIRM ADDITIONAL STATUTORY PARTNERSHIPS
-	FINALIZE ALL LETTERS OF COMMITMENT AND PARTICIPATORY GOVERNANCE CHECKLIST
-	COLLABORATIVE PROCUREMENT PROCESS FOR CONTRACTORS (TRANSLATION/INTERPRETATION SERVICES, 508 ACCESSIBILITY SERVICES, ETC.)
-	APPLICATIONS DRAFTED (CONSIDERING DIFFERENT PROCESSES FOR TIER 1 AND TIER 2/3 APPLICATIONS) 
-	DETERMINE PROCESS FOR TCTAC AND NATIONAL TCGM REFERRALS
-	COMPLETE INFORMATION GATHERING FOR LANDSCAPE ANALYSES (MULTIPLE ONES DEPENDING ON EACH STATE/TRIBE) 
-	BUILD EXTERNAL WEBSITE/SOCIAL MEDIA PRESENCE (WORDPRESS WEBSITE)
-	BUILD AND LAUNCH PROJECT MANAGEMENT DATABASE (SALESFORCE), TRACKING AND REPORTING SYSTEM
-	DEVELOP GRANTS MANAGEMENT TOOLKIT
-	DEVELOP AND IMPLEMENT LANGUAGE ACCESS PLAN (DIGITAL, PRINT MATERIALS, SPOKEN NEEDS)
-	CREATE MATERIALS: PRE-APPLICATION FAQS, APPLICATION GUIDES, QAPP TEMPLATE, GRANTS MANAGEMENT TOOLKIT, ETC.
-	INITIAL DISSEMINATION OF MATERIALS
-	LAUNCH WEBSITE, ONLINE PRESENCE, SOCIAL MEDIA CAMPAIGNS FOR OUTREACH, GUIDANCE FOR SUCCESS STORIES (WORDPRESS WEBSITE)
-	DESIGN PLAN AND IMPLEMENTATION OF INITIAL TRADITIONAL MEDIA OUTREACH (MAILCHIMP AND OTHERS)
-	DESIGN PLAN FOR AND BEGIN OUTREACH AND 'IN-REACH' TO EJ ORGANIZATIONS, COMMUNITIES AND POTENTIAL SUBGRANTEE SECTORS/AGENCIES (OCCUPATIONAL, HEALTHCARE, TRANSPORTATION, ETC.)
-	DETERMINE PROCESS FOR SCORING WITH MAP EJ COUNCIL

SUBRECIPIENT:THE ACTIVITIES IN THE SUBSEQUENT AWARD PHASE INCLUDE THE D",TRUE,regional grantmaker; subgrantee; subgrantees; pass-through entity; pass-through,2025-01-01,2027-12-31,2025-05-02,,52000000,217624.99,51782375.01,award_remaining,https://www.usaspending.gov/award/ASST_NON_00I50002_068/,,FALSE,,,,,,,unmatched,FALSE
epa,epa_terminations.csv,84082901,84082901,❌ Terminated,currently_disrupted,TRUE,INSTITUTE FOR SUSTAINABLE COMMUNITIES,Institute for Sustainable Communities,Vermont,Montpelier,,Grant to Institute for Sustainable Communities,"DESCRIPTION:THIS AGREEMENT PROVIDES FUNDING UNDER THE INFLATION REDUCTION ACT (IRA) TO THE INSTITUTE FOR SUSTAINABLE COMMUNITIES (ISC) IN THE AMOUNT OF $48,000,000, AS PART OF A BIFURCATED AWARD FOR PASSTHROUGH GRANTMAKING ACTIVITIES AUTHORIZED BY CAA 138(B). ISC'S NATIONAL GRANTMAKER PROJECT WILL BE FUNDED BY INFLATION REDUCTION ACT APPROPRIATIONS FOR A TOTAL AMOUNT OF $60,000,000 DIVIDED INTO TWO AWARDS OF AN INITIAL AND SUBSEQUENT AWARD. THE BIFURCATED AWARD IS DERIVED FROM THE SAME FUNDING SOURCE BUT MAINTAINING SEPARATE BUT OVERLAPPING TIMELINES AND DISTINCT WORKPLANS THAT MEET THE OVERALL REQUIREMENTS OF THE AWARD.  

THIS AGREEMENT PROVIDES FUNDING FOR THE SUBSEQUENT AWARD, WHICH WILL ENABLE ISC AS THE EASTERN NATIONAL GRANTMAKER TO 1) PROVIDE SUBAWARDS TO ELIGIBLE ENTITIES IN EPA REGIONS 1, 2, AND 3 THAT FILL GAPS IDENTIFIED IN THE REGIONAL GRANTMAKER PROGRAMS, PARTICULARLY IN HARD TO REACH AREAS, 2) BUILD THE CAPACITY OF SUBAWARDEES TO CARRY OUT THEIR PROJECTS AND ADDRESS ENVIRONMENTAL CHALLENGES THROUGH REGULAR WORKSHOPS, PEER LEARNING SESSIONS, AND CONSULTATIONS WITH TECHNICAL PRACTITIONERS; 3) BUILD OUT AND MAINTAIN A THRIVING COMMUNITIES GRANTMAKER PROGRAM DATA VISUALIZATION AND COMMUNICATIONS PLATFORM THAT PROVIDES THE PUBLIC WITH DETAILS ABOUT THE GRANTMAKER PROGRAM AND THE SUBAWARDS SUPPORTING PROJECTS IN URBAN, RURAL, REMOTE, AND TRIBAL COMMUNITIES TO ADDRESS ENVIRONMENTAL ISSUES, AND 4) COORDINATE WITH THE OTHER NATIONAL GRANTMAKERS TO SUPPORT THE OVERALL SUCCESS OF THE THRIVING COMMUNITIES GRANTMAKER PROGRAM. ACTIVITIES:THE INSTITUTE FOR SUSTAINABLE COMMUNITIES, AS THE EASTERN NATIONAL GRANTMAKER, WILL UNDERTAKE THE FOLLOWING ACTIVITIES IN THE SUBSEQUENT AWARD PHASE:   

 - IMPLEMENT A TIMELY AND EFFICIENT SUBAWARD PROCESS THAT DISTRIBUTES FUNDING TO ELIGIBLE ENTITIES IN IMPACTED COMMUNITIES, WITH AN EMPHASIS ON COMMUNITIES REFERRED BY THE REGIONAL GRANTMAKERS IN EPA REGIONS 1, 2, AND 3 AND THE ADVISORY COUNCIL MEMBERS IN ORDER TO FILL GAPS IN THE REGIONAL PROGRAMS. THIS SUBAWARD PROCESS WILL COMPLY WITH EPA SUBAWARD POLICY AND 2 CFR 200.  

- CONDUCT POST AWARD MONITORING OF SUBGRANTEES TO ENSURE COMPLIANCE AND ASSESS PROGRESS WITH REGULAR REPORTING ON THE OUTCOMES OF THE FUNDED PROJECTS. 

- PROVIDE ISC SUBAWARDEES AND REGIONS 1-3 GRANTMAKERS WITH VIRTUAL LEARNING SESSIONS ON TOPICS AND TOOLS SUCH AS FINANCIAL MANAGEMENT, MONITORING AND EVALUATION, AUDIT PROCESSES, QUALITY ASSURANCE, AND 2 CFR 200 COMPLIANCE REQUIREMENTS.   

- IMPLEMENT AN EASTERN NATIONAL EVALUATION AND TRACKING SYSTEM THAT ALLOWS REGIONAL GRANTMAKERS IN R1-3 TO SHARE AND TRACK DATA. THIS SYSTEM WILL BE PART OF THE EASTERN NATIONAL GRANTMAKER WEBSITE, WHICH WILL ALSO HOST THE DATA VISUALIZATION PLATFORM TO AGGREGATE AND SHARE INFORMATION ABOUT THE GEOGRAPHIC DISTRIBUTION AND TYPES OF PROJECTS SUPPORTED THROUGH SUBAWARDS.  

- IMPLEMENT AND MANAGE SOCIAL IMPACT STORYTELLING TO COMMUNICATE AND AMPLIFY THE IMPACT OF THE PROGRAM, SHOWCASING HOW THE PROGRAM IS REACHING UNDERSERVED COMMUNITIES WITH SUPPORT TO ADDRESS ENVIRONMENTAL ISSUES AND LOWERING BARRIERS TO ACCESSING FEDERAL FUNDS FOR ELIGIBLE ENTITIES IN COMMUNITIES FACING CAPACITY CONSTRAINTS.  

- COORDINATE WITH THE OTHER NATIONAL GRANTMAKERS TO FACILITATE INFORMATION EXCHANGE, KNOWLEDGE BUILDING, CONSISTENCY OF DATA ACROSS REGIONS, AND TO ENSURE THE OVERALL SUCCESSFUL IMPLEMENTATION OF THE THRIVING COMMUNITIES GRANTMAKER PROGRAM.  

THE ACTIVITIES IN THE INITIAL AWARD FOCUSED SPECIFICALLY ON ISC'S SYSTEMS MOBILIZATION TO SET UP THE PROGRAM AS THE EASTERN NATIONAL GRANTMAKER AND PROVIDING COORDINATION AND CAPACITY BUILDING SUPPORT TO THE SYSTEMS MOBILIZATION EFFORTS OF THE R1, 2, AND 3 GRANTMAKERS.  
 
THE ACTIVITIES IN THIS SUBSEQUENT AWARD ARE FOCUSED ON THE IMPLEMENTATION AND MONITORING OF SUBAWARDS, PROVIDING COMPLIANCE SUPPORT AND GUIDANCE TO REGIONAL GRANTMAKERS AND TO SUBAWARDEES, AND EVALUATION, COMMUNICATIONS AND STORYTELLING FOR THE THRIVING COM",TRUE,regional grantmaker; subgrantee; subgrantees,2025-01-01,2027-12-31,2025-04-30,,48000000,1174205.74,46825794.26,award_remaining,https://www.usaspending.gov/award/ASST_NON_84082901_068/,,FALSE,,,,,,,unmatched,FALSE
epa,epa_terminations.csv,84084101,84084101,❌ Terminated,currently_disrupted,TRUE,RESEARCH TRIANGLE INSTITUTE,Research Triangle Institute,North Carolina,Research Triangle Park,,Grant to Research Triangle Institute,"DESCRIPTION:THE PURPOSE OF THE ENVIRONMENTAL PROTECTION AGENCY'S (EPA) THRIVING COMMUNITIES GRANTMAKING PROGRAM ( EJ TCGM ) IS TO TRANSFORM DISADVANTAGED AND UNDERSERVED COMMUNITIES INTO HEALTHY, THRIVING PLACES THAT CAN ADDRESS THE HEALTH AND ENVIRONMENTAL CHALLENGES THEY FACE NOW AND INTO THE FUTURE.  EPA WILL DO THIS BY USING A PASS-THROUGH MODEL TO DISTRIBUTE GRANT FUNDS TO COMMUNITIES VIA MULTIPLE GRANTMAKERS SERVING COMMUNITIES ACROSS THE NATION. RESEARCH TRIANGLE INSTITUTE (RTI) INTERNATIONAL HAS BEEN SELECTED TO SERVE AS THE EPA REGION 4 AND NATIONAL-CENTRAL GRANTMAKER PROVIDING SUPPORT TO COMMUNITIES ACROSS EPA REGIONS 4-7, WITH A DEDICATED FOCUS ON EPA REGION 7. RTI'S DIVERSE TEAM BRINGS EXPERTISE IN GRANT MANAGEMENT, ENVIRONMENTAL SCIENCE, ENVIRONMENTAL JUSTICE, EQUITY#8208;CENTERED RESEARCH AND EVALUATION.  RTI'S PROPOSED SOLUTION ADVANCES RACIAL EQUITY BY POSITIONING COMMUNITY MEMBERS, AS PART OF A COMMUNITY ADVISORY BOARD (CAB), AS DECISION MAKERS IN SELECTING SUB AWARDEES AND SUBGRANTEES. RTI'S PROCESS INCLUDES TARGETED OUTREACH AND RECRUITMENT STRATEGIES INCLUSIVE AND ACCESSIBLE TO POTENTIAL APPLICANTS IN VARIOUS MODALITIES, AND CULTURALLY APPROPRIATE TO REACH COMMUNITIES. RTI INTERNATIONAL WILL SUPPORT THE INFRASTRUCTURE TO QUICKLY LAUNCH AN APPLICATIONS INTAKE, REVIEW, AND AWARD PROCESS THAT IS SIGNIFICANTLY SIMPLIFIED FROM CURRENT FEDERAL GRANTS PROCESSES. RTI INTERNATIONAL WILL RECEIVE AN INITIAL AWARD OF $25,000,000 OF INFLATION REDUCTION ACT (IRA) FUNDING TO STAND-UP THE INFRASTRUCTURE TO SUPPORT COMMUNITIES DIRECTLY, AS WELL AS SUPPORT THE REGIONAL GRANTMAKERS IN THE CENTRAL REGIONS AND THE EJ TCGM NETWORK AS A WHOLE.  ONCE THE INFRASTRUCTURE IS ESTABLISHED, RTI INTERNATIONAL WILL RECEIVE A SUBSEQUENT AWARD OF $75,000,000 TO IMPLEMENT SUBGRANTING PROGRAMS IN EPA REGIONS 4 AND EPA REGIONS 7, AS WELL AS TO PROVIDE SUPPORT TO THE EJ TCGM NETWORK AS A WHOLE.  THIS BIFURCATED AWARDS PROCESS IS BEING IMPLEMENTED BY EPA TO ENSURE THAT THE GRANTMAKERS HAVE SUFFICIENT TIME TO ESTABLISH THE NECESSARY GRANTMAKING INFRASTRUCTURE BEFORE BEGINNING TO ISSUE SUBGRANTS. THE EJ TCGM PROGRAM IS A KEY LEVER TO ADVANCE ENVIRONMENTAL JUSTICE AND IMPROVE PUBLIC HEALTH IN COMMUNITIES ACROSS THE CENTRAL REGIONS WHILE ENSURING THAT COMMUNITY MEMBERS CAN SHAPE THE PROCESS.ACTIVITIES:RTI INTERNATIONAL AND ITS PARTNERS WILL COME TOGETHER TO SERVE AS THE REGION 4 AND NATIONAL-CENTRAL GRANTMAKERS. ACTIVITIES TO BE PERFORMED DURING THIS PROJECT ARE:

1) RTI WILL WORK, IN CONSULTATION WITH EPA REGIONAL LEADERS AND COMMUNITY REPRESENTATIVES, TO IDENTIFY AND ENGAGE THREE (3) NEW STATUTORY PARTNERS LOCATED WITHIN REGION 7 TO ENSURE TCGM PROVIDES DIRECT SUPPORT TO COMMUNITIES WITHIN THE REGION. 

2) RTI INTERNATIONAL WILL IMPLEMENT THE COMMUNITY-ENGAGED TRANSFORMATIVE GOVERNANCE MODEL TO SUPPORT THE TYPE OF DECISION-MAKING THAT ACKNOWLEDGES THAT COMMUNITY ORGANIZATIONS HAVE THE AUTHORITY TO DEFINE SUCCESS FOR THEIR PROJECTS, DECIDE ON THE TYPE OF INTERVENTIONS THEY MOST NEED, AND CONTRIBUTE TO THE GRANTMAKING PROCESS. THE COMMUNITY ADVISORY BOARDS (CABS) ARE THE CORNERSTONE OF THE PROGRAM. WHILE APPLICATIONS WILL BE ACCEPTED ON A ROLLING BASIS, CABS WILL MEET TO MAKE FUNDING DECISIONS ON A QUARTERLY BASIS. THEY ARE ALSO CHARGED WITH GUIDING THE PROGRAM IMPLEMENTATION WITHIN THE REGIONS.  IN CONSULTATION WITH EPA REGIONAL LEADERS, TCGM PARTNERS, AND COMMUNITY MEMBER INPUT, RTI WILL DEVELOP SELECTION CRITERIA TO SELECT COMMUNITY ADVISORY BOARD (CAB) MEMBERS. RTI WILL WORK CLOSELY TO ENSURE THAT SELECTION FOR CAB MEMBERS CONSIDERS CONTEXTUAL EQUITY CONSIDERATIONS SO THAT THE TCGM PROGRAM CAN SERVE THOSE COMMUNITIES THAT IT IS INTENDED TO BENEFIT. 

3) THE COMMUNICATIONS AND OUTREACH TEAM WILL DEVELOP OUTREACH STRATEGIES THAT INCLUDE BOTH DIRECT IN-PERSON OUTREACH AND INDIRECT COMMUNICATION CHANNELS FOR THE COMPLETE LIFE CYCLE OF THE GRANT PROGRAM. FOR REGION 4 AND REGION 7, THE COMMUNICATIONS AND OUTREACH TEAM WILL",TRUE,regional grantmaker; subgrantee; subgrantees; pass-through,2024-02-01,2027-01-31,2025-05-06,,25000000,4220601.28,20779398.72,award_remaining,https://www.usaspending.gov/award/ASST_NON_84084101_068/,,FALSE,,,,,,,unmatched,FALSE
epa,epa_terminations.csv,84082001,84082001,❌ Terminated,currently_disrupted,TRUE,INSTITUTE FOR SUSTAINABLE COMMUNITIES,Institute for Sustainable Communities,Vermont,Montpelier,,Grant to Institute for Sustainable Communities,"DESCRIPTION:THE PURPOSE OF THIS FUNDING IS TO PROVIDE THE INITIAL AWARD OF $12,000,000 TO THE INSTITUTE FOR SUSTAINABLE COMMUNITIES (ISC), AS THE EASTERN NATIONAL GRANTMAKER, AS PART OF A BIFURCATED AWARD FOR PASSTHROUGH GRANTMAKING ACTIVITIES AUTHORIZED BY CAA 138(B). THE INSTITUTE FOR SUSTAINABLE COMMUNITIES (ISC) NATIONAL GRANTMAKER PROJECT WILL BE FUNDED BY THE INFLATION REDUCTION ACT (IRA) APPROPRIATIONS AT THE LEVEL TOTALING $50,000,000 DIVIDED INTO TWO AWARDS OF AN INITIAL AND SUBSEQUENT AWARD.  THIS BIFURCATED AWARD IS DERIVED FROM THE SAME FUNDING SOURCE BUT MAINTAINING SEPARATE BUT OVERLAPPING TIMELINES THAT MEET THE OVERALL REQUIREMENTS OF THE AWARD.  THE INITIAL AWARD GRANT FUNDS WILL ENABLE THE GRANTMAKER TO PERFORM THE TASKS NEEDED TO ESTABLISH AND CARRY OUT THE PROPOSED PARTICIPATORY GOVERNANCE, OUTREACH, AND SYSTEM MOBILIZATION EFFORTS FOR ESTABLISHING THE COLLECTION, REVIEW, SELECTION, AND DISTRIBUTION OF THE EJ THRIVING COMMUNITIES SUBGRANTS. THROUGH THE ISC TEAM'S EXTENSIVE EXPERIENCE IN GRANTMAKING AND PROVIDING TECHNICAL SUPPORT FOR EQUITY-CENTERED APPROACHES THAT BUILD ENVIRONMENTAL JUSTICE OUTCOMES, THEY WILL ENSURE THAT EPA FUNDS UNDER THE THRIVING COMMUNITY GRANTMAKER PROGRAM ARE CHANNELED TO COMMUNITIES THAT ARE MOST IN NEED TO ADDRESS THE HEALTH AND ENVIRONMENTAL ENVIRONMENTAL CHALLENGES.  THE INSTITUTE FOR SUSTAINABLE COMMUNITIES HAS BEEN SELECTED TO SERVE AS THE  NATIONAL-EASTERN GRANTMAKER PROVIDING SUPPORT TO COMMUNITIES ACROSS EPA REGIONS 1-3. ISC'S DIVERSE TEAM BRINGS EXPERTISE IN MANAGING TWO NATIONAL GRANTMAKING PROGRAMS ALONGSIDE THEIR ONLINE PLATFORM THEY ARE DEVELOPING FOR THE NATIONAL EJ THRIVING COMMUNITIES TECHNICAL ASSISTANCE CENTER AN EASY-TO-USE EASTERN NATIONAL EVALUATION AND TRACKING SYSTEM.  THIS SYSTEM WILL BE DESIGNED TO TRACK GRANTMAKING DATA FOR REGIONS 1, 2 AND 3; AND, THROUGH A DATA VISUALIZATION HUB, ILLUSTRATE SUCCESSES AND OUTCOMES OF THE TCGM PROGRAM FOR EPA REGIONS 1, 2 AND 3.ACTIVITIES:THE INSTITUTE FOR SUSTAINABLE COMMUNITIES, ISC, AS THE EASTERN NATIONAL GRANTMAKER, WILL UNDERTAKE THE FOLLOWING ACTIVITIES OF THIS INITIAL AWARD SETTING UP AND PROVIDING: 1)COORDINATION SERVICES TO THE REGIONAL GRANTMAKERS FOR EPA REGIONS 1, 2 AND 3, SUPPORTING THEM WITH REGULAR MEETINGS, ASSISTANCE WITH THE DEVELOPMENT OF THEIR REGIONAL GRANTMAKING APPLICATIONS AND INTAKE PROCESSES, AND OTHER SUPPORT REQUESTS THROUGH DEVELOPING A NEEDS ASSESSMENT (.G., LANGUAGE TRANSLATION AND ACCESS, TRIBAL OUTREACH, OR DEVELOPING QUALITY ASSURANCE MONITORING PROCESSES ALONG WITH COORDINATION WITH THE OTHER NATIONAL GRANTMAKERS); 2) DEVELOPMENT OF AN EASTERN NATIONAL GRANTMAKER WEBSITE, THAT WILL INCLUDE A DATA VISUALIZATION HUB AND EASTERN NATIONAL EVALUATION AND TRACKING SYSTEM WITH PUBLIC-FACING GRANTMAKING INFORMATION AND DATA TRACKING AND EVALUATION TOOLS FOR REGIONAL GRANTMAKERS AND APPLICANTS IN EPA REGIONS 1, 2 AND 3. THIS TOOL WILL FACILITATE OUTREACH, PARTNERSHIPS, AND ACCESS TO DATA, TECHNICAL ASSISTANCE, AND RESOURCES THAT COMMUNITY BASED ORGANIZATIONS' (CBOS) MAY NEED IN THE APPLICATION OR SUBAWARD MANAGEMENT PROCESS; 3) ANNUAL KNOWLEDGE SHARING CONVENINGS WITH EASTERN REGIONAL GRANTMAKERS, DELIVERY OF BIANNUAL WEBINARS, WORKSHOPS, AND OTHER CAPACITY-BUILDING AND TRAINING ACROSS VARIOUS TOPICS IDENTIFIED BY THE REGION 1, 2 AND 3 GRANTMAKERS NEEDED TO SUPPORT THEIR EFFORTS AND THEIR SUB-AWARDEES, AS WELL AS THE OVERALL SUCCESS OF THE TCGM PROGRAM; 4) ISC WILL ESTABLISH EQUITABLE PARTICIPATORY GOVERNANCE INCLUDING FACILITATED PARTICIPATORY GOVERNANCE TRAINING FOR GREATER UNDERSTANDING AND IMPLEMENTATION OF EQUITY, AND INCLUSION IN THE DECISION-MAKING PROCESS REGARDING THE IMPLEMENTATION OF GRANTS PROCESSING; 5) SYSTEMS MOBILIZATIONS EFFORTS THROUGH THE ESTABLISHMENT OF A CBO ADVISORY COUNCIL TO ASSIST WITH APPLICATION DEVELOPMENT AND REVIEW. ISC WILL HAVE EQUITABLE PARTICIPATORY GOVERNANCE THROUGH THE ESTABLISHMENT OF A COMMUNITY BASED ORGANIZATION ADVISORY COUNCIL TO ASSIST WITH APPL",TRUE,regional grantmaker,2024-02-01,2027-01-31,2025-04-22,,12000000,2305053.45,9694946.55,award_remaining,https://www.usaspending.gov/award/ASST_NON_84082001_068/,,FALSE,,,,,,,unmatched,FALSE
epa,epa_terminations.csv,84113601,84113601,❌ Terminated,currently_disrupted,TRUE,RESEARCH TRIANGLE INSTITUTE,Research Triangle Institute,North Carolina,Research Triangle Park,,Grant to Research Triangle Institute,"DESCRIPTION:THIS AGREEMENT PROVIDES FUNDING UNDER THE INFLATION REDUCTION ACT 9 (IRA) TO THE RESEARCH TRIANGLE INSTITUTE (RTI) IN THE AMOUNT OF $7,000,000 AS AUTHORIZED BY CAA 138(B). IN DECEMBER 2023, THE US ENVIRONMENTAL PROTECTION AGENCY'S (EPA) OFFICE OF ENVIRONMENTAL JUSTICE AND EXTERNAL CIVIL RIGHTS (OEJECR) SELECTED RESEARCH TRIANGLE INSTITUTE (RTI) TO RECEIVE $100 MILLION FROM THE $3 BILLION APPROPRIATION FROM THE INFLATION REDUCTION ACT (IRA) FOR THE ENVIRONMENTAL AND CLIMATE JUSTICE (ECJ) BLOCK GRANT PROGRAM UNDER CLEAN AIR ACT SECTION 138. 

THIS SELECTION IS A PART OF THE THRIVING COMMUNITIES GRANTMAKER PROGRAM (I.E. 'TCGM' OR 'GRANTMAKER'), WHERE RTI WILL USE $100 MILLION TO 1) MAKE SMALL SUBGRANTS TO ELIGIBLE ENTITIES THROUGH EPA REGIONS 4 - 7 THAT INCLUDE GRASSROOTS NONPROFIT ORGANIZATIONS AND TRIBAL AND LOCAL GOVERNMENTS AND 2) PROVIDE ADDITIONAL SUPPORT, COORDINATION, AND OVERSIGHT TO THE SUBGRANTEES, APPLICANTS, AND THE OTHER GRANTMAKERS. AS PART OF THE IRA LEGISLATION, OEJECR ALSO RECEIVED $200 MILLION TO PROVIDE TECHNICAL ASSISTANCE TO ELIGIBLE ENTITIES, AS DEFINED IN CAA SECTION 138, RELATED TO ANY GRANTS MADE FROM THE $3 BILLION APPROPRIATION. $20 MILLION OF THIS TECHNICAL ASSISTANCE IS BEING USED TO ESTABLISH AN INTERAGENCY AGREEMENT WITH AMERICORPS TO CREATE THE CLEAN ENVIRONMENT CORPS (CEC) VISTA PROGRAM. OF THIS $20 MILLION, $13 MILLION WILL BE SENT TO AMERICORPS VIA AN INTERAGENCY AGREEMENT AND $7 MILLION WILL BE DISTRIBUTED TO RTI AS A NONCOMPETITIVE AWARD ISSUED FOR THE PURPOSE OF SERVING AS THE INTERMEDIARY SPONSOR FOR ALL THE GRANTMAKERS. PROJECT ACTIVITIES DISCUSSED IN THIS FUNDING RECOMMENDATION WILL PRIMARILY FOCUS ON THOSE COVERED UNDER THE $7 MILLION NONCOMPETITIVE AWARD TO RTI.  
ACTIVITIES:VISTA MEMBERS WITH THE CEC ('CEC VISTA MEMBERS') PROGRAM WILL BE EMBEDDED WITH THE REGIONAL AND NATIONAL GRANTMAKERS TO PROVIDE TECHNICAL ASSISTANCE TO COMMUNITIES APPLYING FOR AND RECEIVING FUNDING THROUGH TCGM. THE AMERICORPS - TCGM PARTNERSHIP WILL SUPPORT APPROXIMATELY/UP TO 260 CEC VISTA MEMBERS AND APPROXIMATELY/UP TO 6 CEC VISTA LEADERS OVER A THREE-YEAR PERIOD. MEMBERS OF THE CEC VISTA PROGRAM WILL ALSO BE CONSIDERED MEMBERS OF THE AMERICAN CLIMATE CORPS, AN INITIATIVE TO PROVIDE AMERICANS WITH PATHWAYS TO HIGH-QUALITY, GOOD-PAYING CLEAN ENERGY AND CLIMATE RESILIENCE JOBS IN THE PUBLIC AND PRIVATE SECTORS AFTER THEY COMPLETE THEIR YEAR OF SERVICE. 

THE EPA AND AMERICORPS DECIDED THAT ONE NATIONAL GRANTMAKER WILL SERVE AS THE INTERMEDIARY SPONSOR RESPONSIBLE FOR MANAGING THE ENTIRE CEC PROGRAM ON BEHALF OF ALL THE GRANTMAKERS (BOTH REGIONAL AND NATIONAL). CENTRALIZING THE ADMINISTRATIVE RESPONSIBILITY FOR THE CEC PROGRAM WITH ONE NATIONAL GRANTMAKER, RATHER THAN USING ALL THREE NATIONAL GRANTMAKERS, CREATES ECONOMIES OF SCALE FOR RECRUITMENT AND REPORTING REQUIREMENTS AS WELL AS PROCESS STANDARDIZATION FOR THE ENTIRE PROGRAM. THE INTERMEDIARY SPONSOR WILL WORK WITH AMERICORPS, THE OTHER GRANTMAKERS, AND ANY PARTNERS TO THE GRANTMAKERS TO IMPLEMENT THE CEC PROGRAM. SECOND, THE INTERMEDIARY SPONSOR WILL APPLY TO AMERICORPS TO IMPLEMENT A VISTA PROJECT, THEREBY CREATING LESS ADMINISTRATIVE BURDEN FOR AMERICORPS. THIRD, THE INTERMEDIARY SPONSOR WILL RECRUIT, MANAGE, AND PLACE APPROXIMATELY/UP TO 260 CEC VISTA MEMBERS WITH 11 GRANTMAKERS AND THEIR PARTNERS. LASTLY, THE INTERMEDIARY SPONSOR WILL IDENTIFY PLACEMENTS FOR CEC VISTA MEMBERS AND ENTER INTO AGREEMENTS WITH GRANTMAKERS AND PARTNERS TO HOST THEM. ONCE THESE PLACEMENTS ARE IDENTIFIED, THE INTERMEDIARY SPONSOR WILL DESIGN AND IMPLEMENT A RECRUITMENT PROCESS FOR ALL CEC VISTA MEMBERS IN COORDINATION WITH AMERICORPS AND HOSTS. THE INTERMEDIARY SPONSOR WILL ALSO MANAGE THE PROGRAMMATIC, FINANCIAL, AND REPORTING REQUIREMENTS OF THE CEC PROGRAM ON BEHALF OF ALL OTHER HOSTS. 

RTI WILL ENSURE THAT ALL CEC VISTA MEMBERS AND LEADERS WILL PROVIDE TECHNICAL ASSISTANCE RELATED TO GRANTS FUNDED UN",TRUE,subgrantee; subgrantees,2025-01-01,2029-12-31,2025-03-25,,7000000,65504.98,6934495.02,award_remaining,https://www.usaspending.gov/award/ASST_NON_84113601_068/,,FALSE,,,,,,,unmatched,FALSE
epa,epa_terminations.csv,98T97501,98T97501,❌ Terminated,currently_disrupted,TRUE,"SOCIAL AND ENVIRONMENTAL ENTREPRENEURS (SEE), INC.","Social and Environmental Entrepreneurs (See), Inc.",California,Calabasas,,"Grant to Social and Environmental Entrepreneurs (See), Inc.","DESCRIPTION:THIS AGREEMENT PROVIDES FUNDING UNDER THE INFLATION REDUCTION ACT (IRA) TO SOCIAL AND ENVIRONMENTAL ENTREPRENEURS (S.E.E.) AS A REGIONAL GRANTMAKER.  THE RECIPIENT WILL ESTABLISH PARTICIPATORY GOVERNANCE THROUGH A COMMUNITY ADVISORY PANEL TO INFORM THE GRANTMAKING PROCESS, CONDUCT OUTREACH EVENTS TO GAIN AN UNDERSTANDING OF GEOGRAPHIC NEEDS AND PROVIDE TECHNICAL ASSISTANCE, AND DEVELOP A THRIVING COMMUNITIES GRANTMAKER SUBAWARD FRAMEWORK. S.E.E. WILL IMPLEMENT A SUBGRANTS FRAMEWORK DESIGN THAT WILL PROVIDE FLEXIBILITIES IN THE APPLICATION PROCESS AND A STREAMLINED AWARD PROCESS AND FUND PROJECTS DESIGNED TO REACH COMMUNITIES THAT ARE SOCIALLY VULNERABLE, OVERBURDENED WITH POLLUTION OR EXPERIENCE HIGH LEVELS OF ENVIRONMENTAL OR HEALTH RISKS. THE PROJECT WILL INCLUDE EXTENSIVE OUTREACH IN RURAL AND REMOTE AREAS, DEVELOPMENT OF GEOGRAPHICALLY AND CULTURALLY APPROPRIATE OUTREACH PLANS AND CREATION OF A COMMUNITY ADVISORY PANEL TO INFORM THE OUTREACH AND GRANTMAKING APPROACH. 

THIS ASSISTANCE AGREEMENT PROVIDES FULL FEDERAL FUNDING IN THE AMOUNT OF $8,000,000. PREAWARD COSTS ARE APPROVED BACK TO 5/20/2024. REFER TO TERMS AND CONDITIONS.

ACTIVITIES:THE ACTIVITIES INCLUDE: 
- ESTABLISHING PARTICIPATORY GOVERNANCE BY FINALIZING STATUTORY PARTNERSHIP AGREEMENTS AND CREATING A COMMUNITY ADVISORY PANEL
- COLLABORATING WITH STATUTORY PARTNERS AND THE COMMUNITY ADVISORY PANEL TO DEVELOP A THRIVING COMMUNITIES SUBGRANT PROGRAM 
- BEGIN CONDUCTING OUTREACH TO ELIGIBLE PROGRAM SUBRECIPIENTS ACROSS EPA REGION 9

SUBRECIPIENT:THIS IS ASSISTANCE AGREEMENT INCLUDES SUBAWARDS FOR COMMUNITY FOUNDATION FOR SOUTHERN ARIZONA, INTERNATIONAL COMMUNITY FOUNDATION, LIBERTY HILL FOUNDATION, NATIVE AMERICANS IN PHILANTHROPY, AND RESOURCES LEGACY FUND WILL RECEIVED SUBAWARDS TO AID SOCIAL AND ENVIRONMENTAL ENTREPRENEURS WITH:
- CONDUCTING OUTREACH AND PROGRAM DEVELOPMENT AND OVERSIGHT
- CO-DESIGNING RECRUITMENT, APPLICATION EVALUATION, AND AWARD SELECTION PROCESSES TO FORMALLY AWARD PHASE I, PHASE II, AND PHASE III SUBGRANTS
- IMPLEMENTING A ROBUST COMMUNICATIONS AND OUTREACH STRATEGY TO ENSURE THE PROGRAM REACHES ENVIRONMENTAL JUSTICE COMMUNITIES - THOSE WITH THE HEAVIEST ENVIRONMENTAL POLLUTION BURDENSOUTCOMES:THE ANTICIPATED DELIVERABLES INCLUDE ESTABLISHING PARTICIPATORY GOVERNANCE BY FINALIZING STATUTORY PARTNERSHIP AGREEMENTS AND CREATING A COMMUNITY ADVISORY PANEL, COLLABORATING WITH STATUTORY PARTNERS AND THE COMMUNITY ADVISORY PANEL TO DEVELOP A THRIVING COMMUNITIES SUBGRANT PROGRAM, AND BEGINNING OUTREACH TO ELIGIBLE PROGRAM SUBRECIPIENTS ACROSS EPA REGION 9.

THE EXPECTED OUTCOMES INCLUDE DESIGNING THE SUBGRANTS PROGRAM THAT WILL PROVIDE FLEXIBILITIES IN THE APPLICATION PROCESS AND A STREAMLINED AWARD PROCESS TO FUND PROJECTS DESIGNED TO REACH COMMUNITIES THAT ARE SOCIALLY VULNERABLE, OVERBURDENED WITH POLLUTION OR EXPERIENCE HIGH LEVELS OF ENVIRONMENTAL OR HEALTH RISKS. 

THE INTENDED BENEFICIARIES INCLUDE COMMUNITIES ACROSS EPA REGION 9 (AZ, CA, HI, NV, AMERICAN SAMOA, COMMONWEALTH OF THE NORTHERN MARIANA ISLANDS, GUAM, AND 148 TRIBES).",TRUE,regional grantmaker,2024-05-20,2027-05-31,2024-06-18,,8000000,1192163.18,6807836.82,award_remaining,https://www.usaspending.gov/award/ASST_NON_98T97501_068/,,FALSE,,,,,,,unmatched,FALSE
epa,epa_terminations.csv,00A01511,00A01511,❌ Terminated,currently_disrupted,TRUE,"HEALTH RESOURCES IN ACTION, INC.","Health Resources in Action, Inc.",Massachusetts,Boston,,"Grant to Health Resources in Action, Inc.","DESCRIPTION:THIS FUNDING WILL PROVIDE THE INITIAL AWARD OF $8,000,000 TO THE RECIPIENT, HRA - HEALTH RESOURCES IN ACTION, AS THE REGION 1 GRANTMAKER, AS PART OF THE BIFURCATED AWARD FOR GRANTMAKING ACTIVITIES AUTHORIZED BY CLEAN AIR ACT (CAA) SECTION 138(B). HRA WILL BE FUNDED BY INFLATION REDUCTION ACT (IRA) APPROPRIATIONS TOTALING $40,000,000 DIVIDED INTO AN INITIAL AND SUBSEQUENT AWARD. THESE FUNDS FOR THIS INITIAL AWARD WILL BE USED BY THE RECIPIENT TO DESIGN AND MANAGE A COMPREHENSIVE ENVIRONMENTAL JUSTICE (EJ) GRANT PROGRAM WHICH WILL SUPPORT COMMUNITY-BASED ORGANIZATIONS (CBOS) AND OTHER ENTITIES REPRESENTING UNDERSERVED URBAN, RURAL, INDIGENOUS, REMOTE, AND CAPACITY-CONSTRAINED COMMUNITIES TO IMPLEMENT PROJECTS WHICH ADDRESS LOCAL ENVIRONMENTAL AND PUBLIC HEALTH CHALLENGES IN REGION 1. HRA WILL PARTNER WITH TWO CORE PARTNERS, ALTERNATIVES FOR COMMUNITY AND THE ENVIRONMENT, INC. (ACE) AND NEW ENGLAND GRASSROOTS FUND (GRASSROOTS FUND), 'THE PROJECT TEAM (PT)', TO ENGAGE SEVEN EJ CBOS (ONE FROM EACH OF THE SIX NEW ENGLAND STATES AND ONE FOR THE REGIONAL TRIBES) WHO WILL ACT AS 'ANCHOR PARTNERS' AND COLLABORATE WITH THE PT TO PROVIDE ADDITIONAL SUPPORT AND OUTREACH TO PROSPECTIVE APPLICANTS IN THEIR RESPECTIVE STATES AND TRIBAL REGIONS. THIS COLLABORATIVE PROCESS WILL DIRECTLY RESOURCE THE SEVEN ANCHOR PARTNERS, SUPPORT COMMUNITY ENGAGEMENT AND RELATIONSHIP BUILDING THROUGHOUT REGION 1, AND SUPPORT CBOS AND INDIGENOUS-LED ORGANIZATIONS TO BUILD OUT A GRANTMAKING PROGRAM ROOTED IN EQUITABLE PARTICIPATION WHICH CENTERS THE VOICES OF THOSE IMPACTED BY ENVIRONMENTAL INJUSTICES.ACTIVITIES:AS PART OF THE INITIAL AWARD PHASE OF THE BIFURCATED AWARD, THE RECIPIENT, HRA - HEALTH RESOURCES IN ACTION, WILL DEVELOP A PARTICIPATORY REVIEW PROCESS, WHICH WILL INCLUDE THE CREATION OF A GOVERNANCE COUNCIL COMPRISED OF 12-15 MEMBERS, A GRANTMAKING COMMITTEE COMPRISED OF 12-15 MEMBERS, AS WELL AS THE SELECTION OF UP TO 100 GRANT READERS. THE RECIPIENT WILL DEVELOP A REQUEST FOR PROPOSAL, DETERMINE ELIGIBILITY AND SELECTION CRITERIA FOR THE GRANTMAKING PROGRAM, CREATE APPLICATION QUESTIONS AND CRITERIA, SELECT KEY DEADLINES, ESTABLISH PROGRAM SUBMISSION GUIDELINES, DEVELOP PROGRAM PRIORITIES, AND ESTABLISH A GRANT REVIEW PROCESS. COLLECTIVELY, THROUGH THE PARTICIPATORY REVIEW PROCESS, THE RECIPIENT WILL DEVELOP A FRAMEWORK FOR APPLICATIONS AND APPLICATION SUBMISSIONS, APPLICATION EVALUATION, AND SUBGRANTEE REPORTING REQUIREMENTS, WILL PROMOTE THE PROGRAM, WILL ENGAGE UNDERSERVED AND CAPACITY-CONSTRAINED COMMUNITIES THROUGHOUT REGION 1, AND PROMOTE ENVIRONMENTAL JUSTICE. SUBRECIPIENT:ALTERNATIVES FOR COMMUNITY AND ENVIRONMENT, INC. (ACE) WILL COLLABORATE WITH COMMUNITY-BASED AND NON-PROFIT ORGANIZATIONS IN REGION 1 TO DESIGN, SUPPORT, AND IMPLEMENT OUTREACH STRATEGIES TO ENVIRONMENTAL JUSTICE (EJ) COMMUNITIES; CREATE COMMUNICATION TOOLS, INCLUDING FLIERS, NEWSLETTERS, BROCHURES, ONE-PAGERS, WEBINAR CONTENT AND SLIDE DECKS, BLOGS, AND ARTICLES, TO INCREASE OUTREACH TO UNDERREPRESENTED AND CAPACITY-CONSTRAINED COMMUNITIES; SUPPORT ENGAGEMENT AND OUTREACH TO INDIGENOUS AND TRIBAL COMMUNITIES IN REGION 1 IN COLLABORATION WITH THE 7 ANCHOR PARTNERS; CONNECT PROSPECTIVE APPLICANTS AND SUBGRANTEES TO ADDITIONAL EJ RESOURCES IN REGION 1, INCLUDING THOSE PROVIDED BY THE REGION 1 THRIVING COMMUNITIES TECHNICAL ASSISTANCE CENTER (TCTAC) AND EPA REGION 1; PARTICIPATE IN THE GOVERNANCE COUNCIL AS NON-DECISION MAKING MEMBER(S); ASSIST IN THE DESIGN OF THE GRANTMAKING PROCESS, INCLUDING APPLICATION DEVELOPMENT, REVIEW, SELECTION, AWARD-MAKING DECISIONS, AND REPORTING REQUIREMENTS. 

NEW ENGLAND GRASSROOTS ENVIRONMENTAL FUND, INC. (GRASSROOTS FUND) WILL ASSIST IN THE DESIGN OF THE GRANTMAKING PROCESS, INCLUDING APPLICATION DEVELOPMENT, REVIEW, SELECTION, AWARD-MAKING DECISIONS, AND REPORTING REQUIREMENTS; ASSIST ACE AND HRA - HEALTH RESOURCES IN ACTION IN PROMOTING THE GRANTMAKING PROGRAM, INCLUDING OUTREACH AND EN",TRUE,subgrantee; subgrantees,2024-02-01,2027-04-30,2024-09-23,,8000000,1226531.56,6773468.44,award_remaining,https://www.usaspending.gov/award/ASST_NON_00A01511_068/,,FALSE,,,,,,,unmatched,FALSE
epa,epa_terminations.csv,96230523,96230523,❌ Terminated,currently_disrupted,TRUE,"INTER AMERICAN UNIVERSITY OF PUERTO RICO, INC.","Inter American University of Puerto Rico, Inc.",Puerto Rico,San Juan,,"Grant to Inter American University of Puerto Rico, Inc.","DESCRIPTION:THE AGREEMENT PROVIDES FUNDING TO INTER AMERICAN UNIVERSITY OF PUERTO RICO METRO CAMPUS (IAUPR) TO BUILD THE CAPACITY OF COMMUNITY STAKEHOLDER, LOCAL LEADERS, AND COMMUNITY MEMBERS LOCATED IN PUERTO RICO, AND THE UNITED STATES VIRGIN ISLANDS.  SPECIFICALLY, THE RECIPIENT WILL CREATE HUBS IN PUERTO RICO AND USVI USING A HIGHLY SUCCESSFUL MODEL PREVIOUSLY IMPLEMENTED IN BY IAUPR IN PUERTO RICO. THE RECIPIENTS' GOAL IS TO 'BUILD COMMUNITY CAPACITY, CLIMATE RESILIENCE AND MAXIMIZING BENEFITS TO OVERBURDENED AND UNDERSERVED COMMUNITIES INCREASING EPA SUPPORT FOR COMMUNITY-LED ACTION BY PROVIDING INVESTMENTS AND BENEFITS DIRECTLY TO COMMUNITIES WITH ENVIRONMENTAL JUSTICE CONCERNS AND BY INTEGRATING EQUITY THROUGHOUT AGENCY PROGRAMS.' OBJECTIVE IS TO PROVIDE TRAINING, TECHNICAL ASSISTANCE (TA), AND SUPPORT FOR CORE AREAS; COLLABORATIVE PROBLEM-SOLVING, GRANTS AND FUNDRAISING CAPACITY, AND ENVIRONMENTAL/ENERGY JUSTICE ADVOCACY.ACTIVITIES:THE ACTIVITIES INCLUDE: A SERIES OF MEETINGS, WORKSHOPS, AND WEBINARS, BOTH FACE-TO-FACE AND VIRTUAL; THE HUBS AND PARTNERS WILL ENGAGE GRASSROOT ORGANIZATIONS IN STRENGTHENING INSTITUTIONAL CAPACITY. THE STEP-BY-STEP UNPACKING OF THE IDENTIFYING ORGANIZATIONAL, TECHNICAL NEEDS, CREATION OF GUIDES AND MANUALS THAT ARE CULTURALLY AND LINGUISTICALLY APPROPRIATE AND A HANDS-ON-APPROACH FOR PROVIDING TECHNICAL ASSISTANCE AND SUPPORT TO PARTICIPANTS PRIMARILY IN PUERTO RICO AND U.S. VIRGIN ISLANDS. EAGEL WILL DEVELOP A HUB ONE STOP CENTER IN PUERTO RICO AND US VIRGIN ISLANDS TO PROVIDE ELIGIBLE SERVICES FOR ENVIRONMENTAL/ENERGY JUSTICE IN UNDERSERVED, RURAL, AND REMOTE COMMUNITIES. SUBRECIPIENT:INTER AMERICAN UNIVERSITY OF PUERTO RICO WILL ISSUE SUBAWARDS UNDER THIS ASSISTANT AGREEMENT. THE SUB AWARDEES WILL PROVIDE COORDINATION OF THE PROJECT, PREPARING MATERIALS, OUTREACH ACTIVITIES, GRANTSMANSHIP, ENVIRONMENTAL AND ENERGY JUSTICE ADVOCACY.  OUTCOMES:IT IS ANTICIPATED THAT THIS PROJECT WILL RESULT IN THE FOLLOWING DELIVERABLES AND EXPECTED OUTCOMES: RECRUIT AND ENGAGE APPROXIMATE 340 ORGANIZATIONS IN STRENGTHENING THEIR INSTITUTIONAL CAPACITY THROUGH TRAINING AND TECHNICAL ASSISTANCE; TO PROVIDE 5500 HOURS OF TRAINING AND SERVICES TO GRASSROOTS ORGANIZATIONS. THROUGH THIS PROJECT THE RECIPIENT EXPECTS THAT UP TO 90% OF PARTICIPATING ORGANIZATION WILL INCREASE THEIR KNOWLEDGE OF GRANTSMANSHIP; 70% OF ORGANIZATIONS WILL INCREASE THE CAPABILITY TO APPLY AND RECEIVE GRANT FUNDING AS WELL AS TO ESTABLISH EDUCATIONAL AND TRAINING MODULES ON CORE AREAS FOR COLLABORATIVE PROBLEM-SOLVING AND LEADERSHIP FOR CIVIC ENGAGEMENT, GRANTSMANSHIP AND FUNDRAISING.  DIRECT BENEFICIARIES OF THIS PROGRAM INCLUDE RESIDENTS LOCATED IN PUERTO RICO AND U.S. VIRGIN ISLANDS.",TRUE,issue subawards; will issue subawards,2023-07-01,2028-06-30,2025-03-25,,8500000,2429844.25,6070155.75,award_remaining,https://www.usaspending.gov/award/ASST_NON_96230523_068/,,TRUE,,,,,,,manual_include_unmatched,FALSE
epa,epa_terminations.csv,96265601,96265601,❌ Terminated,currently_disrupted,TRUE,FORDHAM UNIVERSITY,Fordham University,New York,Bronx,,Grant to Fordham University,"DESCRIPTION:THIS AGREEMENT PROVIDES FUNDING UNDER THE INFLATION REDUCTION ACT TO FORDHAM UNIVERSITY TO SUPPORT NONPROFIT ORGANIZATIONS AND ORGANIZATIONS REPRESENTING DISADVANTAGE COMMUNITIES THROUGH ITS THRIVING COMMUNITIES GRANTMAKER INITIATIVE TITLED FLOURISHING IN COMMUNITIES (FIC).  SPECIFICALLY, FORDHAM UNIVERSITY GRANTMAKER PROPOSES AN INTERSECTIONAL APPROACH TO PLACE FRONTLINE COMMUNITIES IN POSITIONS OF POWER TO ADVANCE ENVIRONMENTAL JUSTICE AND CLIMATE JUSTICE IN DISADVANTAGED AND HARD-TO-REACH COMMUNITIES AND COMMUNITIES DISPROPORTIONATELY IMPACTED BY CLIMATE CHANGE, POLLUTION, AND OTHER ENVIRONMENTAL STRESSORS IN NEW YORK, NEW JERSEY, PUERTO RIC, AND U.S. VIRGIN ISLANDS.  FORDHAM UNIVERSITY GRANTMAKER WILL FOSTER STAKEHOLDER ENGAGEMENT; ESTABLISH A COMMUNITY LED PARTICIPATORY GOVERNANCE; FACILITATE A ROBUST AND ACCESSIBLE SUBGRANT APPLICATION, DISBURSEMENT, MONITORING AND REPORTING PROCESS; AND PROVIDE TECHNICAL ASSISTANCE AND WRAP-AROUND SUPPORT TO SUBGRANTEES. THIS GRANTMAKER INITIATIVE WILL REDUCE BARRIERS THE FEDERAL GRANT PROCESS PLACES ON SMALL, RESOURCE-CONSTRAINED COMMUNITY-BASED NONPROFITS SUPPORTING THE UNDERSERVED COMMUNITIES. ACTIVITIES:THE ACTIVITIES IN THE INITIAL AWARD PHASE INCLUDE: A SERIES OF MEETINGS, WORKSHOPS AND WEBINARS, BOTH FACE-TO-FACE AND VIRTUAL TO FOSTER AUTHENTIC STAKEHOLDER ENGAGEMENT AND ESTABLISH PARTICIPATORY GOVERNANCE, FACILITATE A ROBUST AND ACCESSIBLE SUBGRANT APPLICATION, DISBURSEMENT, MONITORING AND REPORTING PROCESS.SUBRECIPIENT:FORDHAM UNIVERSITY WILL ISSUE SUBAWARDS UNDER THIS COOPERATIVE AGREEMENT. SUBAWARD ACTIVITIES WILL INCLUDE PROJECT COORDINATION, INTAKE APPLICATIONS, DEVELOPMENT OF SOLICITATION AND OUTREACH ACTIVITIES,  OUTCOMES:IT IS ANTICIPATED THAT THIS PROJECT WILL RESULT IN THE FOLLOWING DELIVERABLES AND EXPECTED OUTCOMES: DEVELOPMENT OF PARTICIPATORY GOVERNANCE, OUTREACH PLAN, SUBGRANT APPLICATION CONSISTING OF DISBURSEMENT, MONITORING, AND REPORTING PROCESS. DIRECT BENEFICIARIES OF THE PROGRAM INCLUDE RESIDENT LOCATED IN NEW JERSEY, NEW YORK, PUERTO RICO AND THE UNITED STATES VIRGIN ISLAND AND INDIAN NATIONS.",TRUE,grantmaker initiative; subgrantee; subgrantees; issue subawards; will issue subawards,2024-05-01,2027-04-30,2025-04-25,,8000000,1982544.29,6017455.71,award_remaining,https://www.usaspending.gov/award/ASST_NON_96265601_068/,,TRUE,191241,Fordham University,Bronx,New York,Private not-for-profit,"Degree-granting, primarily baccalaureate or above",normalized_name_city_state,TRUE
epa,epa_terminations.csv,00I50001,00I50001,❌ Terminated,currently_disrupted,TRUE,JSI RESEARCH & TRAINING INSTITUTE INC,Jsi Research & Training Institute Inc,Massachusetts,Boston,,Grant to Jsi Research & Training Institute Inc,"DESCRIPTION:THE AGREEMENT PROVIDES FUNDING TO JSI RESEARCH AND TRAINING INSTITUTE INC. SPECIFICALLY, THE RECIPIENT WILL ESTABLISH THE MOUNTAINS AND PLAINS ENVIRONMENTAL JUSTICE GRANTS HUB ('MAP EJ GRANTS HUB') AS THE REGION 8 THRIVING COMMUNITIES GRANTMAKER, ACTING AS A PASS-THROUGH ENTITY TO PROVIDE GRANT FUNDS VIA SUBAWARDS TO COMMUNITY-BASED NONPROFIT ORGANIZATIONS AND OTHER ELIGIBLE SUBRECIPIENT GROUPS REPRESENTING UNDERSERVED AND DISADVANTAGED COMMUNITIES IN REGION 8. THE MAP EJ GRANTS HUB WILL INCLUDE A COUNCIL ('MAP EJ COUNCIL') COMPRISED OF COMMUNITY-BASED ORGANIZATIONS REPRESENTING ALL SIX STATES WITHIN REGION 8 (AND INTERSECTING WITH TRIBAL NATIONS), DIVERSE POPULATIONS (RANGING FROM RURAL, FRONTIER, AND URBAN AREAS), CULTURES, AND ENVIRONMENTAL JUSTICE FOCUS AREAS (INCLUDING AIR, WATER, ENERGY, LAND USE, FOOD SYSTEMS, AND WORKING WITH YOUTH). JSI WILL INTRODUCE THE MAP EJ GRANTS HUB PROGRAM GOALS AND OBJECTIVES, OUTLINE THE PARTICIPATORY GOVERNANCE STRUCTURE OF THE MAP EJ COUNCIL, AND OBTAIN GREATER UNDERSTANDING OF EPA'S THRIVING COMMUNITIES AIMS AND STRUCTURES, IDENTIFY KEY PLAYERS TO ENGAGE IN THE CO-DESIGN CONVENING, DETERMINE ROLES AND RESPONSIBILITIES, AND OUTLINE NEXT STEPS. ADDITIONALLY, JSI WILL CONVENE THE EPA OFFICIALS, JSI'S STAFF, MAP EJ COUNCIL, AND COMMUNITY-CENTRIC FUNDRAISING TO ENGAGE IN A PARTICIPATORY CO-DESIGN PROCESS TO DETERMINE SUBGRANT APPLICATION CRITERIA FOR COMPETITIVE SUBGRANT APPLICATIONS AS WELL AS REPORTING AND EVALUATION CRITERIA. FINALLY, THE SELECTEE WILL DEVELOP A QUALITY MANAGEMENT PLAN TO APPLY TO THE INITIAL AND SUBSEQUENT GRANTMAKER AWARD AS WELL AS COLLABORATE WITH EPA AND THE NATIONAL GRANTMAKER TO DEVELOP AND ADMINISTER QAPPS FOR SUBGRANTEES. 
ACTIVITIES:THE ACTIVITIES IN THE INITIAL AWARD PHASE INCLUDE THE FOLLOWING:
ESTABLISH MAP EJ GRANTS HUB
- ESTABLISH COLLABORATION AND COORDINATION WITH EPA (COOPERATIVE AGREEMENT)
- CO-DESIGN AN EQUITABLE AND INCLUSIVE GRANTMAKING APPLICATION AND PARTICIPATORY GOVERNANCE SCORING PROCESS
- ESTABLISH WORKFLOWS WITH TCTAC AND NATIONAL TCGM
ENGAGE IN ROBUST, DIVERSE, AND CULTURALLY RESPONSIVE OUTREACH TO COMMUNITIES ACROSS THE REGION
- PROVIDE TRAINING AND TECHNICAL GUIDANCE ON GRANT APPLICATION AND SUBMISSION PROCESS
- CONDUCT WORKSHOPS AND PRESENTATIONS ON GRANT APPLICATION AND AWARD PROCESS
- STAND-ALONE MATERIALS AND PRODUCTS
- PROMOTE AND MAINTAIN GRANT APPLICATION AND TRAINING PRODUCTS ON THE PROJECT WEBSITE
- DELIVER ONGOING TECHNICAL GUIDANCE THROUGHOUT THE GRANT APPLICATION PROCESS
SELECT COMMUNITIES
- ESTABLISH CRITERIA FOR SELECTION OF COMMUNITY SUB-AWARDEES
- ISSUE A CALL FOR PROPOSALS
- SELECT COMMUNITIES BASED ON PREDETERMINED CRITERIA
IMPLEMENT SUBGRANT MANAGEMENT THAT REDUCES THE BURDEN ON SUBGRANTEES
- SUPPORT AND TECHNICAL OVERSIGHT TO SUBGRANTEES
- FACILITATE EJ COMMUNITY OF PRACTICE
- OBTAIN AND INCORPORATE FEEDBACK FROM SUBRECIPIENTS
EVALUATION. 
ENGAGE IN MONITORING, EVALUATION, AND REPORTING THAT ENSURES THE INTEGRITY, COMPLIANCE, AND IMPACT OF THE PROGRAM
SUBRECIPIENT:THE REGION 8 GRANTMAKER WILL HAVE PARTNERS RECEIVING SUBAWARDS ON THE PROPOSED MAP EJ COUNCIL (10 PARTNERS), MAP EJ OUTREACH PARTNERS (2 PARTNERS), MAP EJ TRAINER AND ADVISER (1 PARTNER), MAP EJ SUPPORT (1 PARTNER). THE PARTNERS RESPONSIBILITIES ARE AS FOLLOWS:
MAP EJ COUNCIL:
-	PARTICIPATION IN THE KICK-OFF APPLICATION CO-DESIGN CONVENING
-	PARTICIPATION IN SCORING CONVENINGS
-	PARTICIPATION IN QUARTERLY VIRTUAL MEETINGS
-	RECEIVE TRAININGS ON EQUITY BASED GRANTMAKING PRINCIPLES.
-	OUTREACH/'IN-REACH' TO NETWORK OF ENVIRONMENTAL JUSTICE COMMUNITY-BASED ORGANIZATIONS AND OTHER ELIGIBLE ENTITIES DURING EACH OPEN CALL PERIOD.
-	AD-HOC INPUT AND FEEDBACK ON MATERIALS, EVALUATION PLANS AND REPOTS ETC.
MAP EJ OUTREACH PARTNERS 
-	CO-HOSTING WEBINARS FOR JSI NETWORKS TO SHARE APPLICATION INFORMATION AND GUIDANCE BEFORE EACH OF THE APPLICATIO",TRUE,subgrantee; subgrantees; pass-through entity; pass-through,2024-03-01,2027-02-28,2025-04-23,,8000000,2573312.74,5426687.26,award_remaining,https://www.usaspending.gov/award/ASST_NON_00I50001_068/,,FALSE,,,,,,,unmatched,FALSE
epa,epa_terminations.csv,96230923,96230923,❌ Terminated,currently_disrupted,TRUE,WEST HARLEM ENVIRONMENTAL ACTION INC,West Harlem Environmental Action Inc,New York,New York,,Grant to West Harlem Environmental Action Inc,"DESCRIPTION:THE AGREEMENT PROVIDES FUNDING TO WE ACT FOR ENVIRONMENTAL JUSTICE TO SUPPORT ENVIRONMENTAL JUSTICE PROGRAMS THROUGH ITS ENVIRONMENTAL JUSTICE THRIVING COMMUNITIES TECHNICAL ASSISTANCE CENTER FOR PARTICIPANTS IN EPA REGION 2.  SPECIFICALLY, WE ACT TECHNICAL ASSISTANCE COLLABORATIVE WILL SERVICE UNDERSERVED, RURAL AND REMOTE COMMUNITIES WITHIN THE AREAS OF NEW JERSEY, NEW YORK, PUERTO RICO, THE US VIRGIN ISLANDS AND EIGHT INDIAN NATIONS.  WE ACT TECHNICAL ASSISTANCE COLLABORATIVE BRINGS TOGETHER ACADEMIC PARTNERS WITH CLIMATE, POLICY, REGULATORY, AND DECISIONMAKER ENGAGEMENT EXPERTISE; OUTREACH PARTNERS FROM ACROSS THE REGION, WITH AN EMPHASIS ON REACHING RURAL AND REMOTE COMMUNITIES; AND ENERGY JUSTICE TECHNICAL AND FUNDING EXPERTISE.  THIS TECHNICAL ASSISTANCE SERVICE TO BE PROVIDED WILL INCREASE THE UNDERSERVED AND RURAL COMMUNITIES' CAPACITY TO ADDRESS ENVIRONMENTAL AND ENERGY JUSTICE CONCERNS IN THEIR RESPECTIVE COMMUNITIES. ACTIVITIES:THE ACTIVITIES INCLUDE: A SERIES OF MEETINGS, WORKSHOPS, AND WEBINARS, BOTH FACE-TO-FACE AND VIRTUAL: THE HUBS AND PARTNERS WILL ENGAGE GRASSROOT ORGANIZATIONS IN STRENGTHENING INSTITUTIONAL CAPACITY. THE RECIPIENT WILL ASSIST GRASSROOT ORGANIZATIONS TO IDENTIFY ORGANIZATIONAL, AND TECHNICAL NEEDS, CREATE CULTURALLY AND LINGUISTICALLY APPROPRIATE GUIDES AND MANUALS, AND TO DEVELOP A HANDS-ON APPROACH FOR PROVIDING TECHNICAL ASSISTANCE AND SUPPORT FOR PARTICIPANTS IN NEW JERSEY, NEW YORK, PUERTO RICO, THE UNITED STATES VIRGIN ISLANDS AND EIGHT INDIAN NATION.SUBRECIPIENT:WEACT WILL ISSUE SUBAWARDS UNDER THIS COOPERATIVE AGREEMENT. SUBAWARD ACTIVITIES WILL INCLUDE PROJECT COORDINATION, DEVELOPMENT OF INFORMATIONAL MATERIALS, OUTREACH ACTIVITIES, GRANTSMANSHIP AND ENVIRONMENTAL AND ENERGY JUSTICE TRAINING.  OUTCOMES:IT IS ANTICIPATED THAT THIS PROJECT WILL RESULT IN THE FOLLOWING DELIVERABLES AND EXPECTED OUTCOMES: RECRUITMENT AND ENGAGEMENT OF GRASSROOT ORGANIZATIONS ANNUALLY TO STRENGTHEN THEIR INSTITUTIONAL CAPACITY THROUGH TRAINING AND TECHNICAL ASSISTANCE TO INCREASE THEIR CAPABILITY TO APPLY FOR AND RECEIVE GRANT FUNDING; INCREASE PROJECT PARTICIPANTS KNOWLEDGE OF GRANTSMANSHIP, ENVIRONMENTAL JUSTICE AND ENERGY JUSTICE. ALSO, THE RECIPIENT WILL DEVELOP AN ONLINE RESOURCE LIBRARY.  DIRECT BENEFICIARIES OF THIS PROGRAM INCLUDE RESIDENTS LOCATED IN NEW JERSEY, NEW YORK, PUERTO RICO, THE UNITED STATES VIRGIN ISLANDS AND EIGHT INDIAN NATIONS.",TRUE,issue subawards; will issue subawards,2023-07-01,2028-06-30,2025-03-25,,8000000,2589176.43,5410823.57,award_remaining,https://www.usaspending.gov/award/ASST_NON_96230923_068/,,FALSE,,,,,,,unmatched,FALSE
epa,epa_terminations.csv,02F5550A,02F5550A,❌ Terminated,currently_disrupted,TRUE,TEXAS SOUTHERN UNIVERSITY,Texas Southern University,Texas,Houston,,Grant to Texas Southern University,"DESCRIPTION:THIS AGREEMENT PROVIDES AN INITIAL FUNDING OF $4,917,247 TO TEXAS SOUTHERN UNIVERSITY UNDER THE INFLATION REDUCTION ACT (IRA). TEXAS SOUTHERN UNIVERSITY WILL ACT AS THE REGIONAL GRANTMAKER (RGM), IN COLLABORATION WITH ACHIEVING COMMUNITY TASKS SUCCESSFULLY (ACTS), FOR GRANTMAKING ACTIVITIES. THE TOTAL FUNDING FOR TEXAS SOUTHERN UNIVERSITY WILL BE $50,000,000, SPLIT INTO TWO AWARDS OF AN INITIAL AND SUBSEQUENT GRANT. BOTH AWARDS WILL BE DERIVED FROM THE SAME FUNDING SOURCE AND WILL HAVE SEPARATE YET OVERLAPPING TIMELINES. THE INITIAL GRANT FUNDS WILL ALLOW THE REGIONAL GRANTMAKER TO ESTABLISH AND CARRY OUT THE PROPOSED PARTICIPATORY GOVERNANCE, OUTREACH, AND SYSTEM MOBILIZATION EFFORTS. THE AIM IS TO ESTABLISH THE COLLECTION, REVIEW, SELECTION, AND DISTRIBUTION OF THE ENVIRONMENTAL JUSTICE THRIVING COMMUNITIES SUBGRANTS. THE TECHNICAL SUPPORT WILL BE CUSTOMIZED TO EACH ASSISTANCE REQUEST, DEVELOPING ROBUST AND TRANSPARENT STRUCTURES. TEXAS SOUTHERN UNIVERSITY WILL ASSIST COMMUNITY-BASED ORGANIZATIONS (CBOS) AND COMMUNITY LEADERS IN ESTABLISHING STRUCTURES TO ENSURE THAT INCOMING FINANCIAL RESOURCES ARE DISTRIBUTED WITH EQUITY AND TRANSPARENCY. THE PROPOSED GOVERNANCE AND ACCOUNTABILITY MEASURES WILL BE SHARED AMONG THE STAKEHOLDERS TO ENSURE TRANSPARENCY IN THE DISTRIBUTION OF FUNDS.





ACTIVITIES:THE PROJECT ACTIVITIES DURING THE INITIAL AWARD PHASE INCLUDE THE ESTABLISHMENT OF HUBS WITH TWO HISTORICALLY BLACK COLLEGES AND UNIVERSITIES (HBCUS) THAT WILL SERVE AS A CENTRAL POINT FOR COMMUNITY ACCESS TO THE GRANT-MAKING PROGRAM. A NEW ADVISORY COMMITTEE WILL BE DEVELOPED TO OVERSEE THE GRANT-MAKING PROGRAM'S DESIGN AND OPERATION. GUIDELINES AND PROTOCOLS WILL BE ESTABLISHED FOR REVIEWING SUBRECIPIENT APPLICATIONS, PROVIDING TECHNICAL SUPPORT BEFORE AND AFTER FUNDING AWARDS, AND COLLECTING REPORTS FROM SUBRECIPIENTS. EXPERIENCED VENDORS WILL BE CONTRACTED TO CREATE A USER-FRIENDLY PROCESS FOR SUBMITTING GRANTS, MANAGING THE DISTRIBUTION OF FUNDING AWARDS, AND COLLECTING REPORTING SUBMISSIONS. FURTHERMORE, A CONSULTANT WITH EXTENSIVE EXPERIENCE IN PROGRAM EVALUATION WILL BE HIRED TO DEVELOP AND IMPLEMENT A PROCESS AND OUTCOME EVALUATION PLAN FOCUSED ON OVERALL EFFICACY AND A PLAN FOR SOLICITING FEEDBACK FROM FUNDED AND POTENTIAL APPLICANTS. THIS COMPREHENSIVE APPROACH AIMS TO ENSURE THE EFFECTIVE AND EFFICIENT MANAGEMENT OF THE GRANT-MAKING PROGRAM.










SUBRECIPIENT:TEXAS SOUTHERN UNIVERSITY WILL WORK WITH ACHIEVING COMMUNITY TASKS SUCCESSFULLY (ACTS) TO ESTABLISH AN ADVISORY COMMITTEE FOR OVERSEEING THE GRANT-MAKING PROGRAM'S DESIGN AND OPERATION. THEY WILL CREATE GUIDELINES AND PROTOCOLS FOR REVIEWING SUBRECIPIENT APPLICATIONS, OFFERING TECHNICAL SUPPORT BEFORE AND AFTER FUNDING AWARDS, AND COLLECTING REPORTS FROM SUBRECIPIENTS. ACHIEVING COMMUNITY TASKS SUCCESSFULLY (ACTS) WILL USE ITS EXPERIENCE IN DEVELOPING IMPACTFUL COMMUNITY-LED ENVIRONMENTAL JUSTICE PROJECTS TO ENGAGE, EDUCATE, AND EMPOWER THROUGH CITIZEN SCIENCE, COMMUNITY INCLUSION, AND INITIATIVES THAT PROMOTE COMMUNITY RESILIENCY AND ENVIRONMENTAL JUSTICE. FURTHERMORE, ACHIEVING COMMUNITY TASKS SUCCESSFULLY (ACTS) WILL PROVIDE TRAINING AND RESOURCES TO ENHANCE CRITICAL THINKING AND BOOST RESIDENTS' ABILITY TO ADVOCATE FOR THEIR COMMUNITY AND DRIVE TRANSFORMATIVE CHANGE.OUTCOMES:THE PROJECT ANTICIPATED DELIVERABLES INCLUDE A MULTILINGUAL WEBSITE/LANDING PAGE, AND QUARTERLY BILINGUAL EMAILS (IN ENGLISH AND SPANISH) WHICH WILL BE SENT QUARTERLY TO THE NETWORKS OF TEXAS SOUTHERN UNIVERSITY. PAID CONTRACTORS/EXPERTS WILL USE THEIR METHODOLOGY TO DISTRIBUTE EMAILS AND HARD COPY MATERIALS THROUGHOUT TRIBAL NATIONS. A WEBINAR WILL ALSO BE HOSTED ON A VIRTUAL PLATFORM THAT PROVIDES TRANSLATION INTO MULTIPLE LANGUAGES TO ADVERTISE THE AVAILABILITY OF THE FUNDING OPPORTUNITIES. ADDITIONALLY, IN-PERSON PRESENTATIONS AND PRINTED MATERIALS ABOUT THE SUBAWARD OPPORTUNITIES WILL BE INCORPORATED AT CONFERENCES, EVENTS AT TRIBAL NATIONS, AND COMMUNI",TRUE,regional grantmaker,2024-07-15,2027-07-14,2025-04-24,,4917247,151045.25,4766201.75,award_remaining,https://www.usaspending.gov/award/ASST_NON_02F5550A_068/,,TRUE,229063,Texas Southern University,Houston,Texas,Public,"Degree-granting, primarily baccalaureate or above",normalized_name_city_state,TRUE
epa,epa_terminations.csv,00I52800,00I52800,❌ Terminated,currently_disrupted,TRUE,TOWN OF BLUFF,Town of Bluff,Utah,Bluff,,Grant to TOWN OF BLUFF,"DESCRIPTION:THIS AGREEMENT PROVIDES FUNDING UNDER THE INFLATION REDUCTION ACT (IRA). THE AGREEMENT PROVIDES FUNDING TO TOWN OF BLUFF. SPECIFICALLY, THE RECIPIENT WILL PROJECT ABSTRACT: THE TOWN OF BLUFF WILL UTILIZE THE EJG2G $1,000,000 GRANT MONIES TO DELIVER MEASURABLE ENVIRONMENTAL AND PUBLIC HEALTH BENEFITS WITHIN A RURAL UTAH COMMUNITY. THIS PROJECT WILL ENABLE THE TOWN OF BLUFF (TOB) AND UTAH DINEACUTE; BIKEACUTE;YAH (UDB), AN INDIGENOUS-LED NON-PROFIT ORGANIZATION, TO OPERATIONALIZE A MODEL PARTNERSHIP AND REJUVENATE THE JOINTLY OWNED COOPERATIVE CULTURAL CENTER BUILDING (CCC) LOCATED AT 630 E BLACK LOCUST AVENUE IN BLUFF. THE CCC BUILDING WAS CONSTRUCTED IN PHASES BEGINNING IN THE 1950S AND USED AS AN ELEMENTARY SCHOOL UNTIL 2018. THE PROPERTY WAS PURCHASED BY THE TOB AND UDB ON OCTOBER 8, 2021, TO CREATE AN INCLUSIVE SPACE IN WHICH TO PROMOTE PUBLIC HEALTH, SAFETY, WELFARE, ECONOMIC DEVELOPMENT, CONDUCT TOWN BUSINESS, AND TO HOST NON-PROFIT ACTIVITIES INCLUDING NATIVE AMERICAN ARTS AND CULTURAL PROGRAMS. 

DUE TO THE AGE OF THE BUILDING, IT REQUIRES EXTENSIVE RENOVATIONS INCLUDING THE INSTALLATION OF A FIRE SUPPRESSION SPRINKLER SYSTEM, ENCAPSULATION OF APPROXIMATELY 2,500 SQUARE FEET OF ASBESTOS FLOOR TILE AND MASTIC, AND INSTALLATION OF INSULATION THROUGHOUT THE CURRENTLY UN-INSULATED BUILDING. MAIN SYSTEMS SUCH AS THE HVAC AND ELECTRICAL WILL ALSO BE INSPECTED, REPAIRED, AND REPLACED TO ENSURE THE BUILDING IS READY FOR USE BY BOTH TOWN OF BLUFF AND UTAH DINEACUTE; BIKEACUTE;YAH. NON-PROFIT, COMMUNITY-BASED ORGANIZATION UTAH DINEACUTE; BIKEACUTE;YAH WILL USE STATUTORY SUBAWARD FUNDS TO RENOVATE PORTIONS OF THE BUILDING TO CREATE OFFICE SPACE, AN ENTRANCE, RECEPTION AREA, ART GALLERY, AND A CONFERENCE CENTER. PASS-THROUGH FUNDING WILL ALSO SUPPORT PURCHASING OF OFFICE FURNISHINGS.  

THROUGHOUT THE RENOVATION PROCESS, WE ARE COMMITTED TO USING ENVIRONMENTALLY CONSCIENTIOUS MATERIALS AND SYSTEMS TO ENSURE LONG-TERM SUSTAINABILITY OF THE BUILDING. THIS INCLUDES READYING THE BUILDING FOR FUTURE-PLANNED SOLAR POWER. OUR COMMUNITY-BASED NON-PROFIT PARTNER WILL UTILIZE PASSTHROUGH FUNDING TO READY THE BUILDING FOR THEIR PROGRAMS, WITH SPECIFIC RENOVATIONS DESIGNED TO IMPROVE THE SPACE FOR A CONFERENCE CENTER, OFFICES, AND RECEPTION AREAS. 

WHILE MANY OF THE LISTED RENOVATIONS WILL CREATE THE PHYSICAL SPACE IN WHICH THE ORGANIZATIONS WILL OPERATE, THE OVERARCHING GOAL OF THE BUILDING IS TO CREATE AN INCLUSIVE SPACE FOR THE COMMUNITY AND TO EXPAND CAPACITY FOR UDB AND OTHER PARTNERS TO CARRY-OUT THEIR MISSIONS. THE TOB, UDB, AND PARTNERING ORGANIZATIONS PROVIDE ESSENTIAL SERVICES TO A COMMUNITY DISPROPORTIONATELY IMPACTED BY ENVIRONMENTAL, ECONOMIC, AND POLITICAL INJUSTICE.ACTIVITIES:THE ACTIVITIES INCLUDE PROJECT ACTIVITIES THIS PROJECT WILL ENABLE THE TOWN OF BLUFF (TOB) AS THE RECIPIENT AND UTAH DINEACUTE; BIKEACUTE;YAH (UDB) AS THE SUBRECIPIENT, AN INDIGENOUS-LED NON-PROFIT ORGANIZATION, TO OPERATIONALIZE A MODEL PARTNERSHIP AND REJUVENATE THE JOINTLY OWNED COOPERATIVE CULTURAL CENTER BUILDING (CCC) LOCATED AT 630 E BLACK LOCUST AVENUE IN BLUFF. THE PROPERTY WAS PURCHASED BY THE TOB AND UDB ON OCTOBER 8, 2021, TO CREATE AN INCLUSIVE SPACE IN WHICH TO PROMOTE PUBLIC HEALTH, SAFETY, WELFARE, ECONOMIC DEVELOPMENT, CONDUCT TOWN BUSINESS, AND TO HOST NON-PROFIT ACTIVITIES INCLUDING NATIVE AMERICAN ARTS AND CULTURAL PROGRAMS. 

THE EPA EJG2G AWARD WILL PROVIDE FUNDING FOR THE FOLLOWING ACTIVITIES FOR THE CCC BUILDING:
1.	DESIGN AND INSTALLATION OF A FIRE SUPPRESSION SYSTEM
2.	MITIGATION THROUGH ENCAPSULATION OF 2,500 FEET OF TILE CONTAINING NON-FRIABLE ASBESTOS AND ASBESTOS MASTIC MATERIALS, AS WELL AS INSTALLATION OF NEW FLOORING THROUGHOUT THE BUILDING
3.	INSULATION OF THE CINDERBLOCK BUILDING
4.	INSTALLATION OF A NEW HEATING/COOLING SYSTEM  
5.	ELECTRICAL WORK TO REPLACE FLUORESCENT LIGHTING AND GET THE BUILDING 'SOLAR READY' 
6.	QUALITY ASSURANCE PROJECT PLAN CREATION AND ADHERENCE
7.	RE",TRUE,pass-through,2024-05-13,2027-05-14,2025-03-25,,1000000,23106.2,976893.8,award_remaining,https://www.usaspending.gov/award/ASST_NON_00I52800_068/,,FALSE,,,,,,,unmatched,FALSE
epa,epa_terminations.csv,96264123,96264123,❌ Terminated,currently_disrupted,TRUE,CITY OF JERSEY CITY,City of Jersey City,New Jersey,Jersey City,,Grant to City of Jersey City,"DESCRIPTION:THE AGREEMENT PROVIDES FUNDING UNDER THE INFLATION REDUCTION ACT TO THE DEPARTMENT OF INFRASTRUCTURE CITY OF JERSEY CITY. THIS PROJECT IS TO ADDRESS THE ENVIRONMENTAL AND HEALTH DISPARITIES EXPERIENCE BY YOUTH LIVING IN HISTORICALLY DISADVANTAGE NEIGHBORHOODS ACROSS JERSEY CITY. THE RECIPIENT AND ITS PROJECT PARTNERS WILL ENGAGE YOUTH LIVING IN HISTORICALLY DISADVANTAGED NEIGHBORHOODS IN JERSEY CITY IMPACTED BY ENVIRONMENTAL AND HEALTH DISPARITIES DUE TO AIR QUALITY AND URBAN HEAT EFFECTS. THROUGH WORKSHOPS AND HANDS-ON ACTIVITIES WITHIN THEIR IMMEDIATE COMMUNITIES, THE RECIPIENT AIMS TO EMPOWER THE YOUTH BY ENCOURAGING THEIR DIRECT INVOLVEMENT IN KEY DECISION-MAKING PROCESSES AND PROVIDING EDUCATIONAL AND CAREER OPPORTUNITIES. GREENWAYS WILL BE DESIGNED WITH COMMUNITY INPUT TO INCREASE THE CITY'S TREE CANOPY, PLANT NATIVE SPECIES ALONG THE PUBLIC RIGHT OF WAY, AND ENCOURAGE ZERO-EMISSION METHODS OF TRANSPORTATION BY MAKING NEIGHBORHOOD STREETS SAFER AND MORE COMFORTABLE. THESE EFFORTS AIM TO INCREASE CLIMATE RESILIENCY AND AIR QUALITY IN THESE NEIGHBORHOODS, RESULTING IN IMPROVED HEALTH AND WELL-BEING OF THE YOUTH AND GENERAL PUBLIC IN AREAS MOST VULNERABLE TO THE DEVASTATING EFFECTS OF CLIMATE CHANGE.  ACTIVITIES:THE ACTIVITIES TO BE PERFORMED INCLUDE SIGNIFICANT PROGRAMMING DIRECTED AT ENGAGING VULNERABLE YOUTH, AS WELL AS SMALL-SCALE CONSTRUCTION PROJECTS TO PLANT NATIVE SPECIES AND CREATE NEIGHBORHOOD GREENWAYS THE CITY OF JERSEY CITY WILL CO-LEAD LAND ACKNOWLEDGEMENT WORKSHOPS TO HONOR THE INDIGENOUS PEOPLE WHO WERE THE ORIGINAL STEWARDS OF JERSEY CITY'S ENVIRONMENT. THE CITY OF JERSEY CITY WILL ALSO ENGAGE WITH YOUTH AND COMMUNITY VOLUNTEERS TO IDENTIFY PRIORITY LOCATIONS FOR NEIGHBORHOOD GREENWAYS AND IMPLEMENT NATIVE SPECIES PLANTINGS. SUBRECIPIENT: CITY OF JERSEY CITY WILL ISSUE SUBAWARDS UNDER THIS COOPERATIVE AGREEMENT. SUBAWARD ACTIVITIES WILL INCLUDE EDUCATION FOR STUDENTS, PRESENTATIONS OF STUDENT LEARNINGS, DATA COLLECTION, PLANNING FOR NATIVE SPECIES PLANTINGS, AND COMMUNITY ENGAGEMENT.  OUTCOMES:THE ANTICIPATED DELIVERABLES INCLUDE INCREASED PUBLIC GREEN SPACE FOR THE JERSEY CITY COMMUNITY AND EDUCATIONAL AND CAREER OPPORTUNITIES FOR JERSEY CITY YOUTH.  

THE EXPECTED OUTCOMES INCLUDE AVAILABILITY OF EDUCATION, BASE KNOWLEDGE AND PUBLIC MESSAGING ABOUT OUR LOCAL ECOSYSTEMS, HOW THEY WORK TOGETHER, STRONG SENSE OF ENVIRONMENTAL LEADERSHIP THROUGH YOUTH LEAD PROJECTS, VALUABLE TRAINING TO IDENTIFY INSECTS, BIRDS AND OTHER URBAN WILDLIFE AND TRAINING IN BEST MANAGEMENT PRACTICES FOR NATIVE HABITAT INSTALLATION, MONITORING AND MAINTENANCE. COMMUNITY BASED MESSAGING AND EDUCATIONAL SIGNAGE WILL ENHANCE WALKABILITY ALONG GREENWAYS. EXTENDED BENEFITS INCLUDE INCREASED TIME SPENT OUTDOORS, AND PHYSICAL HEALTH DIVIDENDS, INCREASED SENSE OF BELONGING, PRIDE AND WORTH, COMMUNITY BEAUTIFICATION AND UPLIFT AND A TRUE BOND WITH NATURE AND THE PLANET THROUGH VISCERAL EXPERIENCES.

THE INTENDED BENEFICIARIES INCLUDE THE PEOPLE OF JERSEY CITY.",TRUE,issue subawards; will issue subawards,2024-12-01,2027-11-30,2025-03-25,,1000000,46012.53,953987.47,award_remaining,https://www.usaspending.gov/award/ASST_NON_96264123_068/,,FALSE,,,,,,,unmatched,FALSE
epa,epa_terminations.csv,96229424,96229424,❌ Terminated,currently_disrupted,TRUE,BRONX RIVER ALLIANCE INC,Bronx River Alliance Inc,New York,Bronx,,Grant to Bronx River Alliance Inc,"DESCRIPTION:THIS AGREEMENT PROVIDES FUNDING UNDER THE INFLATION REDUCTION ACT TO THE BRONX RIVER ALLIANCE. THE RECIPIENT WILL TRAIN UNDESERVED, DIVERSE STUDENTS AND RESIDENTS OF THE BRONX AS WELL AS YONKERS AND MOUNT VERNON IN WESTCHESTER COUNTY, NEW YORK ABOUT WATER QUALITY ISSUES AFFECTING THEIR COMMUNITY. THROUGH WATER QUALITY SAMPLING, STUDENTS AND RESIDENTS WILL LEARN ABOUT THE HEALTH OF THEIR LOCAL ECOSYSTEM AND ITS WATER QUALITY. THE PROJECT WILL ENABLE HIRING AN URBAN WATERWAYS ENVIRONMENTAL JUSTICE FELLOW RECRUITED FROM LOCAL COMMUNITIES WHO WILL WORK WITH LOCAL STAKEHOLDERS TO CARRY OUT PATHOGEN WATER QUALITY MONITORING, ADDITIONAL MONITORING OF HIGH POLLUTING OUTFALLS IDENTIFIED THROUGH THE PROJECT, AND EDNA TESTING. DATA REVEALING THE ENVIRONMENTAL HEALTH OF THESE WATERWAYS FOR PEOPLE AND WILDLIFE WILL BE ANALYZED AND VISUALIZED TO BE ACCESSIBLE AND USEFUL TO THE PUBLIC. PUBLIC EDUCATION AND OUTREACH INCLUDING COMMUNITY-BASED MACROINVERTEBRATE STUDIES AND PUBLIC EVENTS WILL TAKE PLACE WITH STAKEHOLDERS IN EACH COMMUNITY TO DISCUSS SOLUTIONS TO REGIONAL WATER QUALITY ISSUES.ACTIVITIES:THE ACTIVITIES INCLUDE PATHOGEN WATER QUALITY MONITORING, ADDITIONAL MONITORING OF HIGH POLLUTING OUTFALLS IDENTIFIED THROUGH THE PROJECT, AND EDNA TESTING. AS WELL AS, PUBLIC EDUCATION AND OUTREACH INCLUDING COMMUNITY-BASED MACROINVERTEBRATE STUDIES AND PUBLIC EVENTS WILL TAKE PLACE WITH STAKEHOLDERS IN EACH COMMUNITY TO DISCUSS SOLUTIONS TO REGIONAL WATER QUALITY ISSUES. THE RECIPIENT WILL USE EDUCATION AND TRAINING TO INCREASE AWARENESS OF HOW CRITICAL ENVIRONMENTAL ISSUES IMPACT THE HEALTH OF RESIDENTS AND THE LOCAL ECOSYSTEM.SUBRECIPIENT:BRONX RIVER ALLIANCE, INC WILL ISSUE SUBAWARDS UNDER THIS COOPERATIVE AGREEMENT. SUBAWARD ACTIVITIES WILL INCLUDE, PROJECT COORDINATION, RECRUITING AND TRAINING VOLUNTEERS ON SAMPLING PROCEDURES, WATER QUALITY MONITORING, DATA ANALYSIS AND PUBLIC OUTREACH AND EDUCATION.

OUTCOMES:THE ANTICIPATED DELIVERABLES INCLUDE PROJECT QAPP APPROVED BY EPA, PATHOGEN SAMPLES COLLECTED AND ANALYZED, DNA SAMPLES COLLECTED AND ANALYZED, COMMUNITY SCIENCE VOLUNTEERS TRAINED, ENGLISH LANGUAGE ONE-PAGERS PRODUCED, 25 TRANSLATED-PAGERS (5 LANGUAGES TOTAL),  OUTREACH EVENTS, PUBLIC MEETINGS, SOCIAL MEDIA POSTS AND A MAINSTREAM MEDIA ARTICLE.
EXPECTED OUTCOMES AND OUTPUTS ARE TO INCREASE COMMUNITY AWARENESS OF THE WATER ISSUES AND THEIR POTENTIAL HEALTH EFFECTS, EDUCATIONAL CONTENT FOR STUDENTS AND COMMUNITY MEMBERS FOR BOTH IN-PERSON AND ONLINE. THE INTENDED BENEFICIARIES FOR THIS PROJECT ARE STUDENTS AND RESIDENTS OF UNDERSERVED COMMUNITIES IN THE BRONX AND WESTCHESTER COUNTIES, NEW YORK.",TRUE,issue subawards; will issue subawards,2024-02-01,2027-01-31,2025-03-25,2025-05-22,500000,86579.9,413420.1,award_remaining,https://www.usaspending.gov/award/ASST_NON_96229424_068/,,FALSE,,,,,,,unmatched,FALSE
epa,epa_terminations.csv,96214224,96214224,❌ Terminated,currently_disrupted,TRUE,IRONBOUND COMMUNITY CORPORATION,Ironbound Community Corporation,New Jersey,Newark,,Grant to Ironbound Community Corporation,"DESCRIPTION:THIS AGREEMENT PROVIDES FUNDING UNDER THE INFLATION REDUCTION ACT TO IRONBOUND COMMUNITY CORPORATION (ICC). IRONBOUND BUSINESS IMPROVEMENT DISTRICT (IBID), NJ TREE FOUNDATION (NJTF), AND THE CITY OF NEWARK WILL PARTNER TO PLANT NATIVE SPECIES TREES THROUGHOUT THE IRONBOUND SECTION OF NEWARK, WHICH HAS THE LEAST AMOUNT OF TREE CANOPY IN THE CITY. THIS PROJECT WILL REDUCE URBAN HEAT ISLAND EFFECT, MITIGATE FLOODING, AND IMPROVE AIR QUALITY, WHILE ENGAGING HUNDREDS OF RESIDENTS AND BUSINESSES. ICC AND IBID WILL CONDUCT EXTENSIVE OUTREACH TO RESIDENTS AND BUSINESSES TO SOLICIT INTEREST AND BUY-IN TO RECEIVE A NATIVE SPECIES TREE TO PLANT IN FRONT OF THEIR HOME OR BUSINESS. THE NJ TREE FOUNDATION WILL MANAGE THE PLANTING OF THE NATIVE SPECIES TREES AND OFFER NATIVE SPECIES TREE STEWARDSHIP WORKSHOPS TO RESIDENTS AND BUSINESSES WHO SIGN UP FOR HAVING A NATIVE SPECIES TREE PLANTED IN AT THEIR HOME/BUSINESS AND ALSO OFFER WORKSHOPS TO THE COMMUNITY AT-LARGE. THE CITY OF NEWARK WILL HELP FACILITATE PERMITS AND OTHER SERVICES, WHILE TYING THE EFFORTS TO ITS LARGER SUSTAINABILITY AND RESILIENCY PLANS. ACTIVITIES:THE RECIPIENT WILL PERFORM THE FOLLOWING ACTIVITIES: 1. PLANTING NATIVE SPECIES TREES THROUGHOUT THE IRONBOUND SECTION OF NEWARK, (WHICH HAS THE LEAST AMOUNT OF TREE CANOPY IN THE CITY) AND 2. PROVIDE WORKSHOPS ON NATIVE SPECIES TREE CARE AND THE IMPORTANCE OF NATIVE SPECIES TREES IN MITIGATING THE EFFECTS OF CLIMATE CHANGE WILL BE GIVEN TO IRONBOUND RESIDENTS AND BUSINESSES WHO SIGN UP FOR GETTING A NATIVE SPECIES TREE PLANTED IN FRONT OF THEIR HOME OR BUSINESS. OTHER ACTIVITIES INCLUDE THE FACILITATION OF PERMITS AND OTHER SERVICES, WHILE TYING THE EFFORTS TO ITS LARGER SUSTAINABILITY AND RESILIENCY PLANS. ALL TOLD THERE WILL BE AT LEAST 150 NATIVE SPECIES TREES PLANTED AND 150 RESIDENTS AND SMALL BUSINESS OWNERS ENGAGED THROUGHOUT THE IRONBOUND IN WORKSHOPS AND NATIVE SPECIES TREE PLANTINGS.SUBRECIPIENT:IRONBOUND COMMUNITY CORPORATION  WILL ISSUE SUBAWARDS UNDER THIS COOPERATIVE AGREEMENT. SUBAWARD ACTIVITIES WILL INCLUDE PROJECT COORDINATION, DEVELOPMENT OF INFORMATIONAL MATERIALS, OUTREACH ACTIVITIES.

THE NJ TREE FOUNDATION WILL BE RESPONSIBLE FOR THE PLANTING OF THE TREES, AS WELL AS TEACHING TREE STEWARDSHIP CLASSES TO RESIDENTS AND BUSINESS OWNERS WHO SIGN UP FOR TREES, AS WELL AS TO THE COMMUNITY AT LARGE.

THE CITY OF NEWARK, THROUGH ITS SUSTAINABILITY OFFICE, WILL CONNECT THIS EFFORT TO THE CITY'S LARGER SUSTAINABILITY AND RESILIENCY EFFORTS AND PLANS, AS INCREASING TREE CANOPY WAS A
GOAL IN BOTH ITS SUSTAINABILITY ACTION PLAN AND THE NORTHEAST NJ RESILIENCY ACTION PLAN. IT WILL ALSO PROVIDE A FRONT-END LOADER TO OFFLOAD TREES DURING THE PLANTINGS AND DISPOSING OF WASTE AFTER LITTER CLEANUPS, AND WILL ALLOW ACCESS TO CITY OWNED PROPERTY AND ISSUE PERMITS FOR TREE PLANTING AND CONCRETE REMOVAL. TOGETHER, THIS COLLABORATION WILL ENSURE SUCCESS OF THE PROJECT AND ALL PARTNERS WILL CONTINUE THEIR WORKING RELATIONSHIP TO BOTH MAINTAIN THESE TREES AND LOOK FOR ADDITIONAL OPPORTUNITIES TO INCREASE TREE CANOPY.

NJ TREE FOUNDATION AND CITY OF NEWARK PREPARE FOR ALL ROUNDS OF TREE PLANTING (OBTAINING PERMITS, CUTTING CONCRETE, ETC.), WHILE ICC AND IBID ASSIST NJTF WITH RECRUITING VOLUNTEERS

IBID WILL BE RESPONSIBLE FOR OUTREACH TO BUSINESSES AND SUPPORTING MAINTENANCE OF THE TREES WITH THEIR WATERING TRUCK. 

OUTCOMES:THE ANTICIPATED DELIVERABLES INCLUDE THE PLANTING OF AT LEAST 150 NATIVE SPECIES TREES IN THE IRONBOUND SECTION OF NEWARK, NJ., AT LEAST 150 RESIDENTS AND SMALL BUSINESS OWNERS WILL BE EDUCATED ON PROPER NATIVE SPECIES TREE STEWARDSHIP AND WHILE ADDRESSING OTHER QUALITY OF LIFE ISSUES, A  LESSONS LEARNED DOCUMENT WILL BE CREATED AND MADE AVAILABLE FOR OTHER COMMUNITIES LOOKING TO ADDRESS URBAN HEAT ISLAND EFFECT AND AN INCREASE CLIMATE RESILIENCY IN THEIR NEIGHBORHOOD.  THE EXPECTED OUTCOMES ARE AN INCREASE IN NATIVE SPECIES TREE CANOPY IN THE IRONBOUND SECTION OF NEWARK, NJ, AN",TRUE,issue subawards; will issue subawards,2024-06-01,2027-05-31,2025-03-25,,327900,30957.99,296942.01,award_remaining,https://www.usaspending.gov/award/ASST_NON_96214224_068/,,FALSE,,,,,,,unmatched,FALSE
epa,epa_terminations.csv,00A01512,00A01512,❌ Terminated,currently_disrupted,TRUE,"HEALTH RESOURCES IN ACTION, INC.","Health Resources in Action, Inc.",Massachusetts,Boston,,"Grant to Health Resources in Action, Inc.","DESCRIPTION:THIS AGREEMENT PROVIDES FUNDING UNDER THE INFLATION REDUCTION ACT (IRA) TO HEALTH RESOURCES IN ACTION (HRA). THE RECIPIENT IS A REGIONAL GRANTMAKER AND THE PURPOSE OF THIS AWARD IS TO FUND THE SUBSEQUENT AWARD FOR THE PASS-THROUGH ENTITY HRA TO PARTNER WITH TWO CORE PARTNERS, ALTERNATIVES FOR COMMUNITY AND THE ENVIRONMENT (ACE) AND GRASSROOTS FUND, TO MANAGE AND IMPLEMENT A COMPREHENSIVE ENVIRONMENTAL JUSTICE (EJ) THRIVING COMMUNITIES GRANTMAKER (TCGM) PROGRAM TO SUPPORT COMMUNITY-BASED ORGANIZATIONS (CBOS), ENVIRONMENTAL JUSTICE (EJ) ORGANIZATIONS, NONPROFIT, AND OTHER ELIGIBLE ENTITIES REPRESENTING UNDERSERVED, RURAL, URBAN, INDIGENOUS, REMOTE, AND CAPACITY CONSTRAINED COMMUNITIES IN IMPLEMENTING PROJECTS TO ADDRESS LOCAL ENVIRONMENTAL AND/OR PUBLIC HEALTH CHALLENGES IN REGION 1. ADDITIONAL ANCHOR PARTNERS WILL PROVIDE OUTREACH AND SUPPORT TO PROSPECTIVE APPLICANTS WITHIN THEIR SERVICE AREAS AND TO FEDERALLY AND STATE RECOGNIZED TRIBES, AND TRIBAL AND INDIGENOUS PEOPLE SERVING ORGANIZATIONS. HRA WILL REDISTRIBUTE 80% OF TOTAL AWARDS TO COMMUNITIES THROUGH COMPETITIVE AND NONCOMPETITIVE SUBGRANTS. THE REMAINDER WILL BE USED FOR ADMINISTRATION AND CLOSEOUT COSTS TO DOCUMENT PROJECT RESULTS. HRA WILL BEGIN ACCEPTING PROPOSALS IN DECEMBER 2024, EVALUATE SUBMISSIONS ON A REGULAR BASIS AND SELECT THE FIRST RECIPIENTS IN 2025. THE LAST PROJECT SELECTIONS WILL BE MADE IN JUNE 2026, WITH ALL PROJECTS COMPLETED WITHIN ESTABLISHED DEADLINES. TCGM SUBGRANTS WILL BE AVAILABLE FOR THREE DISTINCT PHASES OF COMMUNITY-READINESS. TIER I SUBGRANTS WILL BE ONE-YEAR UP TO $150,000 FOR ASSESSMENT PROJECTS, TIER II SUBGRANTS WILL BE 1-2 YEARS UP TO $250,000 FOR PLANNING PROJECTS, AND TIER III SUBGRANTS ARE UP TO TWO YEARS FOR A MAXIMUM OF $350,000 FOR IMPLEMENTATION PROJECTS. TIER I, TIER II, AND TIER III SUBGRANTS WILL ADDRESS A RANGE OF ENVIRONMENTAL ISSUES AND CONSIST OF A VARIETY OF PROJECT TYPES. FOR TIER 1 SUBGRANTS (ASSESSMENT), COMMUNITIES WILL GATHER INFORMATION, ASSESS, AND UNDERSTAND THE ENVIRONMENTAL PROBLEM(S) BEFORE DEVELOPING AND IMPLEMENTING PLANS TO ADDRESS AND EVENTUALLY RESOLVE THE PROBLEM(S). THE TIER II SUBGRANTS (PLANNING) WILL BE AVAILABLE FOR ELIGIBLE SUBRECIPIENTS WHO ALREADY HAVE A STRONG UNDERSTANDING OF THEIR LOCAL ENVIRONMENTAL AND/OR PUBLIC HEALTH ISSUES AND ARE READY TO FORMULATE A PLAN TO ADDRESS THOSE ISSUES. THE TIER III SUBGRANTS (PROJECT DEVELOPMENT) WILL BE AVAILABLE FOR ELIGIBLE SUBRECIPIENTS WHO ALREADY HAVE A STRONG UNDERSTANDING OF THEIR LOCAL ENVIRONMENTAL AND/OR PUBLIC HEALTH ISSUES, HAVE ALREADY FORMULATED A PLAN ADDRESSING THOSE ISSUES, AND/OR ARE READY TO DESIGN AND/OR IMPLEMENT THE PROJECT. HRA WILL OFFER A LIMITED NUMBER OF NONCOMPETITIVE SUBGRANTS FOR SEVERELY CAPACITY-CONSTRAINED COMMUNITIES AND ORGANIZATIONS.  ELIGIBILITY AND APPLICATION REQUIREMENTS FOR ALL SUBMISSIONS WILL BE PUBLICLY POSTED.ACTIVITIES:THE ACTIVITIES IN THE SUBSEQUENT AWARD PHASE INCLUDE RELEASING AND PROMOTING THE FUNDING OPPORTUNITY; THE SELECTION OF SUBGRANT RECIPIENTS; DISBURSING AWARDS AND FUNDS; MANAGING THE SUBGRANT APPLICATION IN-TAKE PROCESSES, EVALUATIONS, AWARD PROCESS; PROVIDING CAPACITY BUILDING TRAINING AND TECHNICAL ASSISTANCE TO SUBRECIPIENTS; SOLICITING AND INCORPORATING FEEDBACK ON GRANT PROCESS FROM APPLICANTS; DISSEMINATING PROJECT RESULTS FROM FUNDED SUBRECIPIENTS AND SUCCESS STORIES TO THE PUBLIC; REGULARLY MONITORING PROGRESS OF FUND EXPENDITURES IN COMPLIANCE WITH FEDERAL REGULATIONS, TERMS AND CONDITIONS OF COOPERATIVE AGREEMENTS, AND ENSURING THAT ALL FUNDS RECEIVED BY THE PASS-THROUGH ENTITIES ARE EXPENDED WITHIN THE 3-YEAR PROJECT PERIOD PER THE REQUIREMENTS OF SECTION 138(B)(1) OF THE CLEAN AIR ACT (CAA); PROVIDING TECHNICAL SUPPORT TO SUBRECIPIENTS TO ASSIST IN DATA COLLECTION, TRACKING, EVALUATION, AND REPORTING OF INFORMATION IN ALIGNMENT WITH ACHIEVING PROJECT OUTPUTS AND OUTCOMES; PROVIDE QUALITY PROJECT OVERSIGHT FOR FUNDED SUBRECIPIENTS INCLUDING VIRTUAL AND IN-PERSON SITE VISITS,",TRUE,regional grantmaker; pass-through entity; pass-through; competitive and noncompetitive subgrants,2025-01-01,2027-12-31,2025-04-30,,52000000,,,award_remaining,https://www.usaspending.gov/award/ASST_NON_00A01512_068/,,FALSE,,,,,,,unmatched,FALSE
epa,epa_terminations.csv,02F5550B,02F5550B,❌ Terminated,currently_disrupted,TRUE,TEXAS SOUTHERN UNIVERSITY,Texas Southern University,Texas,Houston,,Grant to Texas Southern University,"DESCRIPTION:THIS AGREEMENT PROVIDES FUNDING UNDER THE INFLATION REDUCTION ACT (IRA) TO TEXAS SOUTHERN UNIVERSITY. THE RECIPIENT IS A REGIONAL GRANTMAKER (RGM), IN COLLABORATION WITH ACHIEVING COMMUNITY TASKS SUCCESSFULLY (ACTS), FOR THE SUBSEQUENT AWARD GRANTMAKING ACTIVITIES. THE GRANTMAKER PROGRAM WILL DISTRIBUTE $51,682,500 IN SUBAWARDS. AN ADVISORY COMMITTEE WILL MAKE THE FINAL DETERMINATION OF HOW MANY OF EACH TYPE OF AWARD (TIER I, II, OR III, PLUS NONCOMPETITIVE SUBAWARDS) WILL BE DISTRIBUTED. ADDITIONALLY, TEXAS SOUTHERN UNIVERSITY WILL DEVELOP A SYSTEM THAT REQUIRES ALL FUNDED SUBRECIPIENTS TO PROVIDE PROGRESS REPORTS FOR EACH 6-MONTH PERIOD OF FUNDING.  GUIDANCE INCLUDING DETAILED INFORMATION ON WHAT SHOULD BE INCLUDED IN THE PROGRESS REPORT WILL BE DEVELOPED BY THE ADVISORY COMMITTEE AND PROVIDED IN ENGLISH AND SPANISH AND OTHER LANGUAGES AS REQUESTED.  FOR SUBRECIPIENTS THAT HAVE LIMITED ACCESS TO THE INTERNET, A PAPER VERSION OF THE PROGRESS REPORT WILL BE ACCEPTED VIA EMAIL OR MAIL.  CHALLENGES NOTED IN THE PROGRESS REPORTING WILL BE REVIEWED BY THE PROGRAM MANAGER, DISCUSSED WITH MEMBERS OF THE ADVISORY COMMITTEE, AND REFERRED TO EPA AS SOON AS POSSIBLE IF NEEDED. EACH SUBRECIPIENT WILL BE INFORMED OF THE REQUIRED SUBRECIPIENT PROGRESS REPORT DUE DATES AND PROVIDED INSTRUCTIONS ON HOW TO SUBMIT VIA THE GRANT PLATFORM SECURED FOR THE REGIONAL GRANTMAKER PROGRAM. THE PURPOSE OF THIS AWARD IS TO FUND THE SUBSEQUENT AWARD FOR THE PASS-THROUGH ENTITY TEXAS SOUTHERN UNIVERSITY. TWO HUNDRED NINETY-SIX (296) GRANT APPLICATIONS WILL BE AWARDED DURING THE THREE-YEAR PROJECT PERIOD THAT WILL CONSIST OF THREE GRANT CYCLES ANNUALLY DURING YEARS 1-3. 

AN OUTSIDE INDEPENDENT EVALUATOR WILL BE SECURED TO DEVELOP AND OVERSEE AN ONGOING EVALUATION PLAN FOCUSED ON SOLICITING FEEDBACK FROM POTENTIAL APPLICANTS AND AWARDED SUBRECIPIENT TO ASSESS (1) THE USEFULNESS OF SHARED GRANT APPLICATION INFORMATION, (2) DISSEMINATE STORIES FROM APPLICANTS ON ENVIRONMENTAL OR CLIMATE JUSTICE CONCERNS AND HOW THEY STAND TO BENEFIT FROM THE FUNDING, (3) PROGRAM IMPROVEMENT WITH APPLICANT ASSESSMENT FEEDBACK, AND (4) INCREASED KNOWLEDGE OF APPLICANTS TO DETERMINE WHETHER THEIR PROJECTS ALIGN WITH THE FUNDING CRITERIA. EVALUATION WILL ALSO FOCUS ON CAPACITY BUILT AMONG EJ FRONTLINE ORGANIZATIONS, THE PERCEPTION OF CHANGES ACHIEVED BY SUBRECIPIENTS, PARTICULARLY IN UNDERSERVED, DISADVANTAGED AND/OR REMOTE COMMUNITIES, AND SUCCESSES AND LESSONS LEARNED. A SEMI-ANNUAL REVIEW OF COLLECTED DATA WILL BE COMPLETED BY THE ADVISORY COMMITTEE IN JANUARY AND JUNE ANNUALLY, AND AN ANNUAL RETREAT WILL BE HELD IN SUMMER 2025 AND 2026 TO PLAN THE UPCOMING YEAR'S GRANT PROGRAM IMPLEMENTATION.  AN ANNUAL REPORT OF PROGRAM DELIVERABLES WILL BE AVAILABLE IN FALL 2025 AND 2026, AND THE FINAL REPORT INCLUDING SUCCESS STORIES WILL BE AVAILABLE IN SUMMER 2027.

ACTIVITIES:THE ACTIVITIES IN THE SUBSEQUENT AWARD PHASE INCLUDE: TEXAS SOUTHERN UNIVERSITY HAS HIRED VARIOUS PROGRAM STAFF WHO WILL OVERSEE THE PROGRAM'S OPERATION AND PROVIDE GENERAL PROJECT MANAGEMENT AND OVERSIGHT OF PROJECT IMPLEMENTATION AND EVALUATION; COORDINATE THE ADVISORY COMMITTEE AND PROPOSED REVIEW TEAMS; CONDUCT OUTREACH WITH STATE HUBS AND COMMUNITY-BASED ORGANIZATIONS AND TRANSLATION SERVICES; SERVE AS INITIAL POINT OF CONTACT FOR ELIGIBLE SUBRECIPIENTS THROUGH THE APPLICATION PROCESS AND TO AWARDEES FOR REPORTING REQUIREMENTS. A CONFLICT-OF-INTEREST PLAN HAS BEEN CREATED TO ENSURE REVIEWERS HAVE COMPLETED THE FORM AND APPROVED TO PARTICIPATED IN ANY UPCOMING GRANT APPLICATION CYCLES.  AN ONLINE GRANT APPLICATION PORTAL, DEDICATED TO THE GRANTMAKER PROGRAM, HAS BEEN CREATED FOR ELIGIBLE SUBRECIPIENTS TO APPLY FOR FUNDING. A REVIEWER DATABASE HAS ALSO BEEN DEVELOPED TO INCLUDE POTENTIAL REVIEWERS BY AREA OF EXPERTISE AND COMMUNITY; THE REVIEW CRITERIA WILL BE EXAMINED AND APPROVED BY THE ADVISORY COMMITTEE.

THE BULLARD CENTER'S PROGRAM MANAGER AND THE FINANCIAL ADMINISTRATOR",TRUE,regional grantmaker; pass-through entity; pass-through,2025-01-01,2027-12-31,2025-05-01,,55082753,,,award_remaining,https://www.usaspending.gov/award/ASST_NON_02F5550B_068/,,TRUE,229063,Texas Southern University,Houston,Texas,Public,"Degree-granting, primarily baccalaureate or above",normalized_name_city_state,TRUE
