matched_unitid,institution_name_collegecuts,institution_state_full,in_financial_tracker,match_method,institution_control,institution_city,institution_url,tracker_institution_name,tracker_control_label,cut_records,cut_types,latest_cut_announcement_date,first_cut_announcement_date,total_students_affected_known,total_faculty_affected_known,staff_layoff_records,program_suspension_records,department_closure_records,campus_closure_records,institution_closure_records,teach_out_records,financial_warning_count,tracker_enrollment_pct_change_5yr,tracker_enrollment_decline_last_3_of_5,tracker_revenue_pct_change_5yr,tracker_revenue_decreased_5yr,tracker_revenue_10pct_drop_last_3_of_5,tracker_ended_2024_at_loss,tracker_losses_last_3_of_5,tracker_loss_years_last_10,tracker_net_tuition_per_fte_change_5yr,tracker_staff_total_headcount_pct_change_5yr,tracker_pct_international_all,tracker_international_enrollment_pct_change_5yr,tracker_federal_grants_contracts_pell_adjusted_pct_core_revenue,tracker_state_funding_pct_core_revenue,tracker_tuition_dependence_pct,tracker_endowment_value,tracker_endowment_pct_change_5yr,tracker_discount_pct_change_5yr,tracker_liquidity_percentile_private_nfp,tracker_leverage_percentile_private_nfp
210571,Albright College,Pennsylvania,TRUE,collegecuts_institutions.unitid,Private non-profit,Reading,https://www.albright.edu,Albright College,Private not-for-profit,1,staff_layoff,2024-06-03,2024-06-03,,53,1,0,0,0,0,0,6,-8.481927710843372,Yes,-27.725847985291978,Yes,Yes,Yes,Yes,7,-33.50221404583444,-26.014319809069217,0.01790416008425487,-10.526315789473683,0.0081524065025071,0,39.56944009309403,53032000,-37.68005290375971,,,
235024,Cornish College of the Arts,Washington,TRUE,normalized_name_state_fallback,Private non-profit,Seattle,https://www.cornish.edu,Cornish College of the Arts,Private not-for-profit,1,institution_closure,2025-03-27,2025-03-27,,354,0,0,0,0,1,0,6,-20.642201834862387,Yes,-65.76858299711682,Yes,Yes,Yes,Yes,6,-20.965614205964577,1.310043668122271,0.01926782273603082,0,0.03064550157076829,0,72.1826900572555,12824898,17.863859801598743,,,
165644,Eastern Nazarene College,Massachusetts,TRUE,collegecuts_institutions.unitid,Private non-profit,Quincy,https://www.enc.edu,Eastern Nazarene College,Private not-for-profit,1,institution_closure,2024-06-25,2024-06-25,,125,0,0,0,0,1,0,6,-44.81283422459893,Yes,-2.8087786238309644,Yes,Yes,Yes,Yes,6,-18.37283839343499,-32.28346456692913,0.13565891472868216,37.25490196078432,0.14677767727126423,0,20.233406627237287,19534943,-18.54478881915588,,,
213303,Keystone College,Pennsylvania,TRUE,collegecuts_institutions.unitid,Private non-profit,La Plume,https://www.keystone.edu,Keystone College,Private not-for-profit,1,program_suspension,2024-06-25,2024-06-25,,,0,1,0,0,0,0,6,-3.2196059586737142,Yes,-34.680163402826146,Yes,Yes,Yes,Yes,7,-28.16447808245274,-31.626506024096383,0.00595829195630585,500,0.01909337037701436,0,53.80124542295404,6153853,-24.69559220924907,,,
206525,Wittenberg University,Ohio,TRUE,collegecuts_institutions.unitid,Private non-profit,Springfield,https://www.wittenberg.edu,Wittenberg University,Private not-for-profit,1,department_closure,2024-09-10,2024-09-10,,40,0,0,1,0,0,0,6,-30.319959370238696,Yes,-36.864923561214965,Yes,Yes,Yes,Yes,4,-25.527924219998315,-20.698254364089777,0.00801749271137026,-50,0.01293319517969569,0,39.65140870856854,96621956,-33.91065170458757,,,
196130,Buffalo State University,New York,TRUE,collegecuts_institutions.unitid,Public,Buffalo,https://suny.buffalostate.edu,SUNY Buffalo State University,Public,2,department_closure,2025-05-25,2024-05-23,,63,0,0,2,0,0,0,5,-22.776344702398013,Yes,-21.01050437208567,Yes,No,Yes,Yes,9,-19.578293433909295,-25.438100621820237,0.01620685389088209,-26.81564245810056,0.01520200284470314,0.00678068331491549,10.649916662965314,96391605,48.62283329033447,,,
144281,Columbia College Chicago,Illinois,TRUE,collegecuts_institutions.unitid,Private non-profit,Chicago,https://www.colum.edu,Columbia College Chicago,Private not-for-profit,2,department_closure; staff_layoff,2025-06-18,2024-12-18,,45,1,0,1,0,0,0,5,-8.221185876082611,Yes,-22.934596269732054,Yes,No,Yes,Yes,5,-35.77229212997857,-30.8411214953271,0.04965156794425087,-18.181818181818183,0.00770020355999243,0,60.94236372402315,191973543,-18.072705062609735,,,
217235,Johnson & Wales University,Rhode Island,TRUE,collegecuts_institutions.unitid,Private non-profit,Providence,https://www.jwu.edu,Johnson & Wales University-Providence,Private not-for-profit,1,staff_layoff,2025-05-08,2025-05-08,,91,1,0,0,0,0,0,5,-42.57931202139297,Yes,-22.974595754662825,Yes,No,Yes,Yes,5,13.301817590074076,-6.693227091633466,0.04741744284504657,-73.30154946364719,0.01668703275992123,0,56.928232869879935,346091630,21.343986124398903,,,
183062,Keene State College,New Hampshire,TRUE,normalized_name_state_fallback,Public,Keene,https://www.keene.edu,Keene State College,Public,1,staff_layoff,2025-11-07,2025-11-07,,15,1,0,0,0,0,0,5,-19.840862422997947,Yes,-16.705432391770998,Yes,No,Yes,Yes,6,-28.893626911019123,-25.806451612903224,0.00608389369196285,72.72727272727273,0.02524750672972686,0.11712615716317612,26.59758648412229,61452755,26.849093655370027,,,
218238,Limestone University,South Carolina,TRUE,collegecuts_institutions.unitid,Private non-profit,Gaffney,https://www.limestone.edu,Limestone University,Private not-for-profit,1,institution_closure,2025-04-29,2025-04-29,1600,,0,0,0,0,1,0,5,-22.044960116026104,Yes,-19.138100623916408,Yes,No,Yes,Yes,3,-21.68490245970888,44.44444444444444,0.0641860465116279,58.620689655172406,0.16213339032394114,0,52.87099520515321,9158633,-69.89781730671989,,,
177968,Lindenwood University,Missouri,TRUE,collegecuts_institutions.unitid,Private non-profit,St. Charles,https://www.lindenwood.edu,Lindenwood University,Private not-for-profit,1,staff_layoff,2024-06-26,2024-06-26,,14,1,0,0,0,0,0,5,-14.857720416731455,Yes,-27.958316554006977,Yes,No,Yes,Yes,7,-13.738732569980003,-27.572484366117113,0.0389918728883207,-57.3,0.00624460733282078,0,73.26084595716421,159164606,-22.91861616919043,,,
213987,Mercyhurst University,Pennsylvania,TRUE,collegecuts_institutions.unitid,Private non-profit,Erie,https://www.mercyhurst.edu,Mercyhurst University,Private not-for-profit,1,staff_layoff,2025-06-12,2025-06-12,,5,1,0,0,0,0,0,5,3.6713286713286712,Yes,-27.28176293772608,Yes,Yes,Yes,Yes,6,-16.643552354835606,6.90846286701209,0.05598650927487352,-19.806763285024154,0.2504392101061643,0,43.00442883376135,32838023,-1.0854001331904315,,,
230959,Middlebury College,Vermont,TRUE,normalized_name_state_fallback,Private non-profit,Middlebury,https://www.middlebury.edu,Middlebury College,Private not-for-profit,1,institution_closure,2025-08-28,2025-08-28,,,0,0,0,0,1,0,5,-0.5262050094716901,Yes,-13.12208184680436,Yes,No,Yes,Yes,4,-9.634556071476446,4.624277456647398,0.11701227253491324,12.627291242362526,0.03773910491963707,0,58.067949577873726,1597984000,12.4870510428896,,,
239512,Northland College,Wisconsin,TRUE,collegecuts_institutions.unitid,Private non-profit,Ashland,https://www.northland.edu,Northland College,Private not-for-profit,1,institution_closure,2025-02-19,2025-02-19,300,29,0,0,0,0,1,0,5,-18.638573743922205,Yes,-3.8976053804788786,Yes,No,Yes,Yes,7,-23.57967493912336,-2.4390243902439024,0.05976095617529881,3.4482758620689653,0.08853946323450988,0,32.75031990489069,6415604,-27.28752049817238,,,
227331,Our Lady of the Lake University,Texas,TRUE,normalized_name_state_fallback,Private non-profit,San Antonio,www.ollusa.edu,Our Lady of the Lake University,Private not-for-profit,1,department_closure,2025-09-04,2025-09-04,200,19,0,0,1,0,0,0,5,-35.795604977495366,Yes,-34.08316577462575,Yes,No,Yes,Yes,4,-26.87295509784406,-29.96845425867508,0.01938144329896907,56.666666666666664,0.08660908126892963,0,52.56071505337672,50673849,36.37021262042225,,,
186283,Rider University,New Jersey,TRUE,normalized_name_state_fallback,Private non-profit,Lawrenceville,https://www.rider.edu,Rider University,Private not-for-profit,1,staff_layoff,2025-11-10,2025-11-10,,40,1,0,0,0,0,0,5,-9.03725562523054,Yes,-34.88879682981189,Yes,No,Yes,Yes,7,-28.252199688288933,-34.55149501661129,0.040551500405515,-2.912621359223301,0.01685962984872813,0,56.09674715365773,66827000,-18.213297849549978,,,
194958,Roberts Wesleyan University,New York,TRUE,collegecuts_institutions.unitid,Private non-profit,Rochester,https://www.roberts.edu,Roberts Wesleyan University,Private not-for-profit,1,department_closure,2025-05-29,2025-05-29,,62,0,0,1,0,0,0,5,-4.144851657940663,Yes,-15.858899675785704,Yes,No,Yes,Yes,10,-22.87993329965811,-15.337423312883436,0.02913063268092854,-17.94871794871795,0,0,63.544531705170634,34775443,-0.6916758671884105,,,
172264,Siena Heights University,Michigan,TRUE,collegecuts_institutions.unitid,Private non-profit,Adrian,https://www.sienaheights.edu,Siena Heights University,Private not-for-profit,1,institution_closure,2025-06-30,2025-06-30,2300,,0,0,0,0,1,0,5,-26.566164154103856,Yes,-26.00350753374061,Yes,No,Yes,Yes,3,-40.8096142003856,-20.14218009478673,0.03239051094890511,61.36363636363637,0.07200250049167493,0,35.65602107475639,14838766,-18.845154968516862,,,
174783,St. Cloud State University,Minnesota,TRUE,collegecuts_institutions.unitid,Public,St. Cloud,https://www.stcloudstate.edu,Saint Cloud State University,Public,1,department_closure,2024-05-13,2024-05-13,,,0,0,1,0,0,0,5,-22.712238147739804,Yes,-28.4124446816455,Yes,No,Yes,Yes,7,3.2092153995338464,-22.63436790310371,0.12276113488666984,0.7807417046193884,0,0.01112203396364617,27.763987544464268,47158000,22.772208609260407,,,
168005,Suffolk University,Massachusetts,TRUE,normalized_name_state_fallback,Private non-profit,Boston,suffolk.edu,Suffolk University,Private not-for-profit,1,staff_layoff,2025-06-01,2025-06-01,,35,1,0,0,0,0,0,5,-9.152457372116348,Yes,-3.05397064154782,Yes,No,Yes,Yes,5,-7.808657749249835,-3.6269430051813463,0.1480817002484129,-30.684754521963825,0.01508815691286233,0,64.65603297158506,252033632,-19.85649108948415,,,
228705,Texas A&M University–Kingsville,Texas,TRUE,normalized_name_state_fallback,Public,Kingsville,www.tamuk.edu,Texas A&M University-Kingsville,Public,1,staff_layoff,2025-07-18,2025-07-18,,34,1,0,0,0,0,0,5,-23.51495288816059,Yes,-3.824645347362115,Yes,No,Yes,Yes,4,-18.156085713980712,9.393346379647747,0.0997589716122121,-36.7034834324554,0.01797154897269116,0.09228695986552012,18.31871579469558,164847431,402.9070175074633,,,
200800,University of Akron,Ohio,TRUE,collegecuts_institutions.unitid,Public,Akron,https://www.uakron.edu,University of Akron Main Campus,Public,1,department_closure,2025-06-15,2025-06-15,,,0,0,1,0,0,0,5,-28.5277516462841,Yes,-34.89687543634395,Yes,No,Yes,Yes,4,-18.108693209086617,-18.284504059301092,0.04139519578808819,-41.10486891385768,0.03749687629180633,0.08552332997886926,32.01691833535669,351635016,21.518019085627657,,,
232609,University of Lynchburg,Virginia,TRUE,collegecuts_institutions.unitid,Private non-profit,Lynchburg,https://www.lynchburg.edu,University of Lynchburg,Private not-for-profit,1,program_suspension,2024-05-31,2024-05-31,,40,0,1,0,0,0,0,5,-7.736554501006615,Yes,-21.9188844095586,Yes,No,Yes,Yes,5,-12.660435841939409,-25.26178010471204,0.07761845386533665,336.84210526315786,0.01510549023369252,0,55.48630139587342,140631750,1.466823030898185,,,
152600,Valparaiso University,Indiana,TRUE,collegecuts_institutions.unitid,Private non-profit,Valparaiso,https://www.valpo.edu/,Valparaiso University,Private not-for-profit,1,program_suspension,2024-03-04,2024-03-04,,,0,1,0,0,0,0,5,-25.96908442330559,Yes,-34.0638703687186,Yes,No,Yes,Yes,7,-20.350137350991243,-18.201997780244177,0.13716672020558943,33.021806853582554,0.05653966263829392,0,44.43036505387785,311933000,-1.8592130245381144,,,
238193,Alverno College,Wisconsin,TRUE,collegecuts_institutions.unitid,Private non-profit,Milwaukee,https://www.alverno.edu,Alverno College,Private not-for-profit,1,department_closure,2024-06-17,2024-06-17,,37,0,0,1,0,0,0,4,5.042436345481778,Yes,-32.14921916742573,Yes,No,Yes,Yes,7,-47.303702466980674,-31.27853881278539,0.01948669201520912,41.37931034482759,0.04860244325096254,0,61.1892482570927,36216702,-6.765037032589204,,,
110413,California Lutheran University,California,TRUE,normalized_name_state_fallback,Private non-profit,Thousand Oaks,callutheran.edu,California Lutheran University,Private not-for-profit,1,program_suspension,2025-09-03,2025-09-03,,,0,1,0,0,0,0,4,-23.71234207968902,Yes,-21.326061162404184,Yes,No,Yes,No,2,-9.670014317432894,-11.422413793103448,0.09579617834394905,-28.6527514231499,0.04900876983108159,0,59.33416719381231,144984195,10.268797135232242,,,
203845,Marietta College,Ohio,TRUE,collegecuts_institutions.unitid,Private non-profit,Marietta,https://www.marietta.edu,Marietta College,Private not-for-profit,1,staff_layoff,2024-02-13,2024-02-13,,22,1,0,0,0,0,0,4,-1.7673048600883652,No,-14.566843563746634,Yes,No,Yes,Yes,5,-34.848769265754996,-22.327790973871732,0.01874062968515742,-83.55263157894737,0.02146379236496312,0,30.782529669426616,91722343,-15.503060858013905,,,
176053,Mississippi College,Mississippi,TRUE,collegecuts_institutions.unitid,Private non-profit,Clinton,https://www.mc.edu,Mississippi College,Private not-for-profit,1,program_suspension,2024-11-18,2024-11-18,,,0,1,0,0,0,0,4,-18.25972313777192,Yes,-8.04569490141565,Yes,No,No,Yes,3,-26.15494779058699,5.67741935483871,0.03931451612903226,-18.410041841004183,0.02774956973636862,0,40.53350916049568,114430381,5.864087919952024,,,
231095,Sterling College,Vermont,TRUE,normalized_name_state_fallback,Private non-profit,Craftsbury Common,https://www.sterlingcollege.edu,Sterling College,Private not-for-profit,1,institution_closure,2025-11-12,2025-11-12,,,0,0,0,0,1,0,4,-54.22222222222223,Yes,-24.194481217894808,Yes,Yes,No,No,2,-24.749343615583168,-12.5,0.04854368932038835,-16.666666666666664,0,0,12.37402853850228,1155851,-9.446899883572325,,,
483036,Texas A&M University,Texas,TRUE,collegecuts_institutions.unitid,Public,College Station,www.tamu.edu,Texas A&M University-Central Texas,Public,1,program_suspension,2024-11-12,2024-11-12,,,0,1,0,0,0,0,4,-5.3528708133971294,Yes,-29.50285089669374,Yes,No,No,Yes,6,-14.348834878283505,13.066666666666665,0.00473933649289099,150,0.00296877090024021,0.0605119148444477,21.578996757958983,3865590,199.57320212957464,,,
149505,Trinity Christian College,Illinois,TRUE,normalized_name_state_fallback,Private non-profit,Palos Heights,https://www.trnty.edu,Trinity Christian College,Private not-for-profit,1,institution_closure,2025-11-06,2025-11-06,,,0,0,0,0,1,0,4,-37.199725463280714,Yes,-6.461392343780497,Yes,No,No,Yes,6,-19.538254394234524,-16.05351170568562,0.07759562841530054,65.11627906976744,0.01013752010270973,0,36.62155115645467,11047055,-27.88670751522797,,,
148584,University of St. Francis,Illinois,TRUE,normalized_name_state_fallback,Private non-profit,Joliet,https://www.stfrancis.edu,University of St Francis,Private not-for-profit,1,program_suspension,2025-11-07,2025-11-07,,36,0,1,0,0,0,0,4,-22.75306061510899,Yes,-24.371125355628575,Yes,No,Yes,No,2,-19.99678979892806,-23.4375,0.0102435253189022,-48.54368932038835,0.03212066017144407,0,70.45275956027707,31326661,17.034762962747724,,,
240453,University of Wisconsin,Wisconsin,TRUE,collegecuts_institutions.unitid,Public,Waukesha,https://uwm.edu/generalstudies/,University of Wisconsin-Milwaukee,Public,1,campus_closure,2024-03-11,2024-03-11,,100,0,0,0,1,0,0,4,-16.570481140197046,Yes,-9.35384541451088,Yes,No,Yes,No,6,-17.560288356544035,-9.209475645461804,0.06840938622640068,5.729474305965741,0.02946972644710963,0.01841026534688858,27.90169085332497,260363469,19.596458643513117,,,
166027,Harvard University,Massachusetts,TRUE,normalized_name_state_fallback,Private non-profit,Cambridge,https://www.harvard.edu,Harvard University,Private not-for-profit,2,staff_layoff,2025-11-14,2025-10-09,38,40,2,0,0,0,0,0,3,-10.548503108104889,Yes,-0.07297201215334967,Yes,No,No,No,2,-14.997625080754617,8.65621156211562,0.26894403322860644,-2.5094102885821834,0.07595803976184899,0,12.21312675367744,53235205000,6.003149274815278,,,
183044,University of New Hampshire,New Hampshire,TRUE,collegecuts_institutions.unitid,Public,Durham,https://www.unh.edu,University of New Hampshire-Main Campus,Public,2,department_closure; staff_layoff,2025-08-08,2024-01-16,,36,1,0,1,0,0,0,3,-11.977448569543574,Yes,-2.803012824138789,Yes,No,No,No,0,-22.32108836438205,-4.174323969545812,0.03331970564186427,-44.620611551528874,0.10167627754070738,0.11597992949067036,24.64545801784468,525445726,5.160098119443242,,,
131159,American University,District of Columbia,TRUE,collegecuts_institutions.unitid,Private non-profit,Washington,https://www.american.edu,American University,Private not-for-profit,1,staff_layoff,2025-05-01,2025-05-01,,123,1,0,0,0,0,0,3,-5.5413893898874305,Yes,-3.1053482623892976,Yes,No,No,No,2,-6.897549093811117,-6.137281292059219,0.10080326573610746,-28.088304368248,0.04491001289717435,0,55.29896927904719,1032022000,19.30031897048571,,,
150136,Ball State University,Indiana,TRUE,collegecuts_institutions.unitid,Public,Muncie,https://www.bsu.edu,Ball State University,Public,1,program_suspension,2025-07-05,2025-07-05,,,0,1,0,0,0,0,3,-6.1946902654867255,Yes,-14.337227240849964,Yes,No,No,No,0,-16.830478514033814,-6.972327726532828,0.0147643624672138,-25.902335456475583,0.01188948517623436,0.04666313651102995,27.80294993493337,260813964,-0.23805807446060456,,,
202134,Cleveland State University,Ohio,TRUE,normalized_name_state_fallback,Public,Cleveland,https://www.csuohio.edu,Cleveland State University,Public,1,program_suspension,2024-05-01,2024-05-01,,,0,1,0,0,0,0,3,-12.06470928094963,Yes,-8.398222019150905,Yes,No,No,No,4,2.665691585576712,4.91869918699187,0.1644367459084936,97.34767025089606,0.04024396792092061,0.06041989272253644,41.00616907696031,117821388,1192.8944956560176,,,
144740,DePaul University,Illinois,TRUE,normalized_name_state_fallback,Private non-profit,Chicago,https://www.depaul.edu/,DePaul University,Private not-for-profit,1,staff_layoff,2025-12-15,2025-12-15,,114,1,0,0,0,0,0,3,-8.562553796639346,Yes,-5.2740136193508205,Yes,No,No,No,1,-21.34681555051969,-5.553956834532374,0.11509024679736422,75.96996245306633,0.02613024346319169,0,63.93551995412128,1025211000,19.97215669302306,,,
212054,Drexel University,Pennsylvania,TRUE,collegecuts_institutions.unitid,Private non-profit,Philadelphia,https://drexel.edu,Drexel University,Private not-for-profit,1,staff_layoff,2024-11-19,2024-11-19,,60,1,0,0,0,0,0,3,-12.952670891004992,Yes,-7.407959030313373,Yes,No,No,No,3,-5.265587080526332,-7.590516449182136,0.107157381049207,-14.113428943937418,0.11690564692054792,0,54.184082896794315,1069294000,7.102403888306295,,,
198464,East Carolina University,North Carolina,TRUE,normalized_name_state_fallback,Public,Greenville,https://www.ecu.edu,East Carolina University,Public,1,program_suspension,2025-09-18,2025-09-18,,,0,1,0,0,0,0,3,-7.256150867990509,Yes,-1.6737507601413495,Yes,No,No,No,0,-12.503939160649894,-6.655764513491415,0.01057096687314839,15.867158671586717,0.02189342631964716,0.03439349156365855,16.590683722294184,320106984,22.73262061862689,,,
177418,Fontbonne University,Missouri,TRUE,collegecuts_institutions.unitid,Private non-profit,St. Louis,https://www.fontbonne.edu,Fontbonne University,Private not-for-profit,1,institution_closure,2024-03-11,2024-03-11,874,,0,0,0,0,1,0,3,-35.69570871261378,Yes,8.938871966375874,No,No,No,Yes,8,-27.670823214405495,-54.51713395638629,0.05055611729019211,-57.98319327731093,0.02481693937528545,0,34.2508839929134,4703993,-74.79489983727646,,,
212577,Franklin & Marshall College,Pennsylvania,TRUE,normalized_name_state_fallback,Private non-profit,Lancaster,https://www.fandm.edu,Franklin and Marshall College,Private not-for-profit,1,staff_layoff,2025-04-02,2025-04-02,,16,1,0,0,0,0,0,3,-18.455284552845526,Yes,-2.871287446954123,Yes,No,No,No,2,-8.474773136221616,-18.949536560247168,0.1694915254237288,-18.4652278177458,0.01342321070177539,0,42.492751487487055,467642341,-1.7599894389223718,,,
134945,Jacksonville University,Florida,TRUE,collegecuts_institutions.unitid,Private non-profit,Jacksonville,https://www.ju.edu,Jacksonville University,Private not-for-profit,1,department_closure,2025-04-10,2025-04-10,,40,0,0,1,0,0,0,3,20.469240716792907,No,-0.915540136118384,Yes,No,Yes,Yes,7,-12.25618625410406,8.962868117797695,0.04309155037570925,-16.61721068249258,0.00857251813526824,0,55.901130200995766,66101962,15.254690834426112,,,
117557,Lincoln University,California,TRUE,normalized_name_state_fallback,Private non-profit,Oakland,https://www.lincolnuca.edu,Lincoln University,Private not-for-profit,1,program_suspension,2026-01-05,2026-01-05,,,0,1,0,0,0,0,3,-4.447852760736196,No,3.2659068101178743,No,No,Yes,Yes,4,4.134711758386586,35.483870967741936,0.6934189406099518,-26.779661016949152,0,0,76.24668154156387,,,,,
198950,Meredith College,North Carolina,TRUE,normalized_name_state_fallback,Private non-profit,Raleigh,https://www.meredith.edu,Meredith College,Private not-for-profit,1,staff_layoff,2025-07-22,2025-07-22,,25,1,0,0,0,0,0,3,-16.748046875,Yes,-9.525116856448754,Yes,No,No,No,1,-24.434189843069596,-4.856115107913669,0.0281524926686217,65.51724137931035,0.0059509279809983,0,44.70951212637863,138962671,-2.1148303168557736,,,
147369,Moody Bible Institute,Illinois,TRUE,normalized_name_state_fallback,Private non-profit,Chicago,https://www.moody.edu,Moody Bible Institute,Private not-for-profit,1,staff_layoff,2025-08-01,2025-08-01,,,1,0,0,0,0,0,3,-28.559715769335885,Yes,-1.3044007254996663,Yes,No,No,No,5,-11.89591574022777,48.80546075085324,0.10290742157612852,-8.813559322033898,0,0,10.318962444294971,53980101,6.437565423931589,,,
209807,Portland State University,Oregon,TRUE,collegecuts_institutions.unitid,Public,Portland,https://www.pdx.edu,Portland State University,Public,1,staff_layoff,2024-12-13,2024-12-13,,17,1,0,0,0,0,0,3,-23.350285097857913,Yes,-19.28124322107132,Yes,No,No,No,2,-20.666899574946157,-7.773304428615671,0.05589287868430576,-38.38652482269504,0.01371144089434498,0.02925502696321373,23.561417277559368,123171915,3862.125893685392,,,
186131,Princeton University,New Jersey,TRUE,normalized_name_state_fallback,Private non-profit,Princeton,https://www.princeton.edu,Princeton University,Private not-for-profit,1,program_suspension,2025-08-14,2025-08-14,,4,0,1,0,0,0,0,3,3.692660550458716,No,-20.497778967582352,Yes,No,Yes,Yes,4,-22.99816033855218,17.501794687724338,0.23811103738111036,-1.6445865692096848,0.11084830454156362,0,5.585940613892188,33401865000,6.240104730624277,,,
151102,Purdue University Fort Wayne,Indiana,TRUE,normalized_name_state_fallback,Public,Fort Wayne,pfw.edu,Purdue University Fort Wayne,Public,1,program_suspension,2025-05-23,2025-05-23,,45,0,1,0,0,0,0,3,-17.12748344370861,Yes,-14.318711453189335,Yes,No,No,No,2,0.04386696374033372,-7.720320466132556,0.05533912696034362,63.905325443786985,0.00412963013547927,0.06731359646860978,34.978484840679386,83749624,13.187780718403202,,,
123572,Sonoma State University,California,TRUE,collegecuts_institutions.unitid,Public,Rohnert Park,https://www.sonoma.edu,Sonoma State University,Public,1,department_closure,2025-01-22,2025-01-22,,46,0,0,1,0,0,0,3,-35.37644787644788,Yes,-17.379450147991648,Yes,No,No,No,4,-13.177342711741083,-18.7593423019432,0.00716952949962658,-83.6734693877551,0.00470252602269314,0.03512598430637594,13.320905344245404,51580176,7.570722806585891,,,
149231,Southern Illinois University Edwardsville,Illinois,TRUE,normalized_name_state_fallback,Public,Edwardsville,siue.edu,Southern Illinois University Edwardsville,Public,1,department_closure,2025-03-18,2025-03-18,,5,0,0,1,0,0,0,3,-8.996004639773167,Yes,-11.747979846147686,Yes,No,No,No,2,-13.376441350074666,-8.454692556634305,0.08306188925081433,144.375,0.02507823714997751,0.02141907112087772,27.006445099932325,40186050,23.311107431299188,,,
175005,St. Catherine University,Minnesota,TRUE,collegecuts_institutions.unitid,Private non-profit,St. Paul,https://www.stkate.edu,St Catherine University,Private not-for-profit,1,department_closure,2024-05-24,2024-05-24,,,0,0,1,0,0,0,3,-25.321292115317817,Yes,-5.586993235154238,Yes,No,No,No,3,-6.158428863459436,-17.424242424242426,0.0055813953488372,-29.411764705882355,0.03565301879417548,0,51.737306512354174,156154341,36.31951357629933,,,
195173,St. Francis College,New York,TRUE,normalized_name_state_fallback,Private non-profit,Brooklyn,https://www.sfc.edu,St. Francis College,Private not-for-profit,1,department_closure,2023-03-20,2023-03-20,,50,0,0,1,0,0,0,3,87.47161241483724,No,-6.888232383012038,Yes,No,Yes,Yes,9,-32.25161808752415,-28.97822445561139,0.6192206743387846,1263.111111111111,0.00680613086263796,0,78.84512860690211,26414886,-69.38875955266906,,,
216339,Temple University,Pennsylvania,TRUE,collegecuts_institutions.unitid,Public,Philadelphia,https://www.temple.edu,Temple University,Public,1,staff_layoff,2025-07-18,2025-07-18,,50,1,0,0,0,0,0,3,-24.47745284330537,Yes,-2.531668069657284,Yes,No,No,No,1,-6.401703301013545,-15.945330296127564,0.06415881685127796,-39.35614849187935,0.09642597551386566,0,16.563808295506643,960929000,14.798631408678467,,,
110714,"University of California, Santa Cruz",California,TRUE,collegecuts_institutions.unitid,Public,Santa Cruz,https://www.ucsc.edu/,University of California-Santa Cruz,Public,1,program_suspension,2025-05-23,2025-05-23,,3,0,1,0,0,0,0,3,2.274581313882624,No,-2.5705382072891623,Yes,No,Yes,Yes,6,-25.703649566478088,15.899795501022496,0.06066719842349739,-36.11660079051384,0.05358416218424838,0.02770050542647808,27.82398226991718,164952000,21.765234242915263,,,
144050,University of Chicago,Illinois,TRUE,normalized_name_state_fallback,Private non-profit,Chicago,https://uchicago.edu,University of Chicago,Private not-for-profit,1,program_suspension,2025-08-28,2025-08-28,,400,0,1,0,0,0,0,3,7.558878884989063,No,-11.059762987078232,Yes,No,Yes,Yes,6,-11.79418268165453,12.451487710219922,0.3187987703948924,25.390625,0.1784628694529723,0,11.516714721219351,9124340657,2.646772741520043,,,
225511,University of Houston,Texas,TRUE,normalized_name_state_fallback,Public,Houston,uh.edu,University of Houston,Public,1,program_suspension,2025-03-20,2025-03-20,,,0,1,0,0,0,0,3,-0.06153964499317295,Yes,-5.06329302099701,Yes,No,No,No,0,-13.14173081005904,4.513148542999289,0.10321935074181691,25.005826147751108,0.031660909504039,0.11233687879686868,27.417825898900205,1313224792,24.276048940515334,,,
159939,University of New Orleans,Louisiana,TRUE,normalized_name_state_fallback,Public,New Orleans,www.uno.edu,University of New Orleans,Public,1,staff_layoff,2025-01-16,2025-01-16,,375,1,0,0,0,0,0,3,-19.575775597185057,Yes,-12.5750831207324,Yes,No,No,No,3,-35.528076388725545,11.635475996745322,0.08417549913729357,53.1390134529148,0.02272160226228219,0.04409870989407741,19.862010282684217,27749072,1.3900523809110557,,,
199148,University of North Carolina at Greensboro,North Carolina,TRUE,collegecuts_institutions.unitid,Public,Greensboro,https://www.uncg.edu,University of North Carolina at Greensboro,Public,1,program_suspension,2024-02-04,2024-02-04,,,0,1,0,0,0,0,3,-11.972578505086243,Yes,-4.497824217578911,Yes,No,No,No,0,-18.50979087025195,-12.553261225827598,0.03627593830075868,-3.733333333333334,0.01075673954242601,0.1091242327036266,16.00311699416867,428946901,12.933343258297583,,,
127741,University of Northern Colorado,Colorado,TRUE,normalized_name_state_fallback,Public,Greeley,https://www.unco.edu/,University of Northern Colorado,Public,1,staff_layoff,2025-10-22,2025-10-22,,50,1,0,0,0,0,0,3,-34.771159874608145,Yes,-20.592831898273506,Yes,No,No,No,4,-5.932625515259674,-12.405358182877112,0.02239523260284506,-47.40406320541761,0.06509802562850615,0.01285010321289692,37.6710312817248,119815567,8.120189242585372,,,
206084,University of Toledo,Ohio,TRUE,collegecuts_institutions.unitid,Public,Toledo,https://www.utoledo.edu,University of Toledo,Public,1,program_suspension,2025-04-21,2025-04-21,,,0,1,0,0,0,0,3,-22.024154374080844,Yes,-2.2340159426396955,Yes,No,No,No,6,-2.7942288530074224,41.080783016266885,0.10390352631879753,5.025996533795494,0.04055185771347055,0.07457424678971103,15.891246336401297,388044243,2.0698753245227413,,,
236939,Washington State University,District of Columbia,TRUE,collegecuts_institutions.unitid,Public,Pullman,https://wsu.edu,Washington State University,Public,1,program_suspension,2025-06-17,2025-06-17,,,0,1,0,0,0,0,3,-15.47981450396882,Yes,-4.284544723812724,Yes,No,No,No,3,-5.950389935676497,2.7429934406678593,0.05732462636326915,-37.15867158671587,0.03576794702025951,0.09471597830325368,19.117942862319797,1383078164,5.468705579200082,,,
238032,West Virginia University,West Virginia,TRUE,normalized_name_state_fallback,Public,Morgantown,https://www.wvu.edu,West Virginia University,Public,1,staff_layoff,2025-09-08,2025-09-08,,507,1,0,0,0,0,0,3,-7.410565085427821,Yes,-2.700559515321493,Yes,No,No,No,1,-10.296203371844172,-2.6689293427954333,0.04707182320441989,-42.067089755213054,0.10882413510077124,0.0219577310883034,29.936022898898795,861602738,-1.3899326998313382,,,
149772,Western Illinois University,Illinois,TRUE,collegecuts_institutions.unitid,Public,Macomb,https://www.wiu.edu,Western Illinois University,Public,1,staff_layoff,2024-08-09,2024-08-09,,57,1,0,0,0,0,0,3,-16.864055066302257,Yes,-19.455159119496727,Yes,No,No,No,5,-26.459951131572563,-11.55261221486387,0.1322293924266407,137.636761487965,0.00783552842441605,0.00782588350156064,16.338257916380226,97371859,30.800844965395235,,,
123961,University of Southern California,California,TRUE,collegecuts_institutions.unitid,Private non-profit,Los Angeles,https://www.usc.edu,University of Southern California,Private not-for-profit,4,staff_layoff,2025-10-04,2025-08-07,,176,4,0,0,0,0,0,2,-2.3182792464182302,Yes,22.682321501020432,No,No,No,No,2,-5.687420730978349,4.045792375929034,0.27059072623332625,11.288790373654212,0.15917552496879722,0,20.966593897943326,8092846000,14.916051765430394,,,
231420,Averett University,Virginia,TRUE,collegecuts_institutions.unitid,Private non-profit,Danville,https://www.averett.edu,Averett University,Private not-for-profit,1,program_suspension,2025-07-02,2025-07-02,,,0,1,0,0,0,0,2,76.37637637637637,No,0.3080733289801352,No,No,Yes,Yes,4,-31.62754903790075,42.68774703557312,0.06356413166855845,93.10344827586206,0,0,53.86011288953767,5687825,-82.29772732916126,,,
165015,Brandeis University,Massachusetts,TRUE,normalized_name_state_fallback,Private non-profit,Waltham,https://www.brandeis.edu,Brandeis University,Private not-for-profit,1,staff_layoff,2024-05-01,2024-05-01,,60,1,0,0,0,0,0,2,-9.328125,No,-1.866211908576497,Yes,No,No,No,2,-5.2608685020987895,-2.320675105485232,0.25331724969843183,-12.08133971291866,0.14648715276504956,0,37.9813525097572,1264908273,-3.9704446558969457,,,
219833,Christian Brothers University,Tennessee,TRUE,normalized_name_state_fallback,Private non-profit,Memphis,https://www.cbu.edu/,Christian Brothers University,Private not-for-profit,1,staff_layoff,2025-12-17,2025-12-17,,16,1,0,0,0,0,0,2,1.5450643776824031,Yes,-0.12573780056209655,Yes,No,No,No,3,-22.325954636869763,-6.905370843989769,0.28402366863905326,622.5806451612902,0.01345111274243043,0,51.583338136907685,44330912,-12.403584823275448,,,
153162,Cornell College,Iowa,TRUE,normalized_name_state_fallback,Private non-profit,Mount Vernon,https://www.cornellcollege.edu/,Cornell College,Private not-for-profit,1,program_suspension,2025-11-24,2025-11-24,,,0,1,0,0,0,0,2,-0.08748906386701663,Yes,19.496242607799868,No,No,No,No,3,-17.38500374980885,2.061855670103093,0.02802101576182136,-57.89473684210527,0.00208576954703165,0,27.501948881821864,100874798,7.766607073402462,,,
153269,Drake University,Iowa,TRUE,collegecuts_institutions.unitid,Private non-profit,Des Moines,https://www.drake.edu,Drake University,Private not-for-profit,1,program_suspension,2024-03-01,2024-03-01,,,0,1,0,0,0,0,2,-11.144685389264133,Yes,3.1157628510018607,No,No,No,No,3,-19.22053671901513,-8.496176720475786,0.03140628125625125,-13.259668508287293,0.07639249805812809,0,39.89998410318399,306208560,10.349332997134097,,,
144892,Eastern Illinois University,Illinois,TRUE,normalized_name_state_fallback,Public,Charleston,https://www.eiu.edu,Eastern Illinois University,Public,1,staff_layoff,2025-10-16,2025-10-16,,44,1,0,0,0,0,0,2,12.681083350829308,No,-6.8370119939385745,Yes,No,Yes,No,5,-17.717800071771578,6.638655462184874,0.09539780137879636,150.36674816625916,0.00579095480879144,0.02501880579189986,19.07684716398079,73316539,2.5471973179822016,,,
150941,Huntington University,Indiana,TRUE,normalized_name_state_fallback,Private non-profit,Huntington,https://www.huntington.edu,Huntington University,Private not-for-profit,1,department_closure,2025-11-07,2025-11-07,,,0,0,1,0,0,0,2,9.090909090909092,No,5.325826256678864,No,No,Yes,Yes,6,-18.953753340828143,25.951557093425603,0.03846153846153846,32,0.00397544045233581,0,44.6327613301533,30269864,-14.022694848910245,,,
151351,Indiana University Bloomington,Indiana,TRUE,collegecuts_institutions.unitid,Public,Bloomington,https://bloomington.iu.edu,Indiana University-Bloomington,Public,1,program_suspension,2025-07-01,2025-07-01,,,0,1,0,0,0,0,2,35.064515434159794,No,2.183607189776045,No,No,Yes,Yes,5,-11.652468330848604,2.041250265787795,0.0890575907880257,-9.87734021949645,0.01528064602621719,0.08267210965738092,45.841529271240574,2087993958,45.09646954519614,,,
170532,Kalamazoo College,Michigan,TRUE,normalized_name_state_fallback,Private non-profit,Kalamazoo,kzoo.edu,Kalamazoo College,Private not-for-profit,1,staff_layoff,2025-07-22,2025-07-22,,11,1,0,0,0,0,0,2,-6.801346801346801,Yes,58.96122482328781,No,No,No,No,5,-18.794789813914157,-7.242990654205607,0.04624277456647398,-40.74074074074074,0.00904235113427361,0,20.7192233689639,304294691,3.185861804735112,,,
239105,Marquette University,Wisconsin,TRUE,collegecuts_institutions.unitid,Private non-profit,Milwaukee,https://www.marquette.edu,Marquette University,Private not-for-profit,1,program_suspension,2025-06-13,2025-06-13,,,0,1,0,0,0,0,2,0.3418803418803419,Yes,-0.304428725138429,Yes,No,No,No,1,-16.385237206198255,-8.969986357435197,0.06051756307292934,30.419580419580424,0.06788236143440536,0,44.09789760036155,996999000,16.41198609045199,,,
151810,Martin University,Indiana,TRUE,normalized_name_state_fallback,Private non-profit,Indianapolis,https://www.martin.edu,Martin University,Private not-for-profit,1,institution_closure,2025-12-09,2025-12-09,,,0,0,0,0,1,0,2,-27.669902912621357,Yes,35.864706340591454,No,No,No,No,2,-17.058520381431137,7.894736842105263,0.0134228187919463,100,0,0,28.39238593731972,,,,,
199582,Saint Augustine's University,North Carolina,TRUE,collegecuts_institutions.unitid,Private non-profit,Raleigh,https://www.st-aug.edu,Saint Augustine's University,Private not-for-profit,1,staff_layoff,2024-11-25,2024-11-25,,69,1,0,0,0,0,0,2,15.933412604042807,No,-42.388293400152726,Yes,No,Yes,No,5,-40.773968910478864,-14.82889733840304,0.05743589743589743,51.35135135135135,0.3253079099698134,0,33.95537784569585,13607529,-46.04684738145027,,,
179159,Saint Louis University,Missouri,TRUE,collegecuts_institutions.unitid,Private non-profit,St. Louis,https://www.slu.edu,Saint Louis University,Private not-for-profit,1,staff_layoff,2024-10-21,2024-10-21,,30,1,0,0,0,0,0,2,18.91309699655342,No,-32.82446724010469,Yes,Yes,No,No,4,-21.917845302177817,-34.477348499705826,0.19900626261580664,305.59071729957805,0.07260906853262063,0,40.41912250532864,1879430141,22.27711439730943,,,
143048,School of the Art Institute of Chicago,Illinois,TRUE,normalized_name_state_fallback,Private non-profit,Chicago,https://www.saic.edu,School of the Art Institute of Chicago,Private not-for-profit,1,staff_layoff,2025-11-17,2025-11-17,,20,1,0,0,0,0,0,2,-10.030015007503753,Yes,,,No,,No,0,-13.071516268424816,-5.760963026655202,0.3060884070058382,-18.50481125092524,0.00736706088549156,0,,416852000,41.4454501993006,,,
132903,University of Central Florida,Florida,TRUE,normalized_name_state_fallback,Public,Orlando,https://www.ucf.edu,University of Central Florida,Public,1,staff_layoff,2025-11-21,2025-11-21,,57,1,0,0,0,0,0,2,0.469033815223071,No,-7.927327836397,Yes,No,No,Yes,3,-25.30384994452119,1.273184533165671,0.04668441582564547,20.37037037037037,0.02009397906313837,0.04062186671057846,19.045047778398104,201916665,1.072129882742172,,,
129020,University of Connecticut,Connecticut,TRUE,normalized_name_state_fallback,Public,Storrs,uconn.edu,University of Connecticut,Public,1,program_suspension,2025-08-12,2025-08-12,,,0,1,0,0,0,0,2,59.838965064178154,No,3.2545781086812915,No,No,Yes,Yes,4,-17.72826034504778,13.14665872306623,0.0763410264516809,-12.406287787182588,0.02282902303886115,0.02221573436980707,15.1590153475693,622770599,12.783549119826755,,,
153658,University of Iowa,Iowa,TRUE,normalized_name_state_fallback,Public,Iowa City,uiowa.edu,University of Iowa,Public,1,program_suspension,2025-08-12,2025-08-12,,,0,1,0,0,0,0,2,-7.003593763264382,Yes,20.01506723996363,No,No,No,No,0,-7.437919121163914,9.291543026706233,0.05078505355404089,-47.72940808017538,0.03997171629106842,0.1693221017128835,8.139187265700642,3505385000,80.93826471688273,,,
160658,University of Louisiana at Lafayette,Louisiana,TRUE,normalized_name_state_fallback,Public,Lafayette,https://louisiana.edu,University of Louisiana at Lafayette,Public,1,staff_layoff,2025-10-24,2025-10-24,,70,1,0,0,0,0,0,2,-12.543572134644398,Yes,10.190972183402174,No,No,No,No,4,-24.757318819554463,6.148867313915858,0.02873289708506841,-0.6172839506172839,0.07385875462872689,0.02767030380618742,26.006936354366456,177999227,9.17045488593454,,,
174066,University of Minnesota,Minnesota,TRUE,collegecuts_institutions.unitid,Public,Minneapolis,https://twin-cities.umn.edu,University of Minnesota-Twin Cities,Public,1,staff_layoff,2025-06-20,2025-06-20,,350,1,0,0,0,0,0,2,-3.9619984786443743,Yes,1.0621076651095749,No,No,No,No,2,-13.268259077747288,6.609695626945192,0.09474376042737492,-16.001792917974004,0.14029051172099374,0.05633438680951012,16.149851541586315,5512426113,20.942877421258277,,,
174066,University of Minnesota System,Minnesota,TRUE,collegecuts_institutions.unitid,Public,Minneapolis,https://umn.edu,University of Minnesota-Twin Cities,Public,1,department_closure,2025-06-19,2025-06-19,,,0,0,1,0,0,0,2,-3.9619984786443743,Yes,1.0621076651095749,No,No,No,No,2,-13.268259077747288,6.609695626945192,0.09474376042737492,-16.001792917974004,0.14029051172099374,0.05633438680951012,16.149851541586315,5512426113,20.942877421258277,,,
181464,University of Nebraska-Lincoln,Nebraska,TRUE,normalized_name_state_fallback,Public,Lincoln,https://www.unl.edu,University of Nebraska-Lincoln,Public,1,program_suspension,2025-11-10,2025-11-10,,4,0,1,0,0,0,0,2,-9.771317018754791,Yes,7.095075661337937,No,No,No,No,1,-19.682103711014857,-2.2031084955485136,0.06962098674805857,-41.493506493506494,0.02512733575798672,0.00400811926951968,15.06034872757483,1479930187,-7.892284508593421,,,
161457,University of New England,Maine,TRUE,normalized_name_state_fallback,Private non-profit,Biddeford,une.edu,University of New England,Private not-for-profit,1,program_suspension,2025-07-11,2025-07-11,,,0,1,0,0,0,0,2,-17.010194210878783,Yes,0.5254544483618513,No,No,No,No,0,-0.586621254482853,3.125,0.00358647897426701,-20,0.03787279333951256,0,61.2656214704798,330754456,603.7171531557492,,,
237011,Western Washington University,Washington,TRUE,collegecuts_institutions.unitid,Public,Bellingham,https://www.wwu.edu,Western Washington University,Public,1,staff_layoff,2025-06-26,2025-06-26,,16,1,0,0,0,0,0,2,-10.180340643437605,Yes,4.370139554318898,No,No,No,No,3,-7.4081222015414605,-0.408905043162199,0.0131375100700254,-6.607929515418502,0.01913427799885917,0.01575615022373128,27.95666327549986,125985155,12.736573706095806,,,
206622,Xavier University,Ohio,TRUE,normalized_name_state_fallback,Private non-profit,Cincinnati,https://www.xavier.edu,Xavier University,Private not-for-profit,1,staff_layoff,2025-07-18,2025-07-18,,,1,0,0,0,0,0,2,-18.648779308677785,Yes,7.134223036551597,No,No,No,No,1,-9.415193061307605,-14.489795918367346,0.01604516416580003,-28.000000000000004,0.007336192645524,0,38.8982105620484,269006000,10.018963123177445,,,
164988,Boston University,Massachusetts,TRUE,collegecuts_institutions.unitid,Private non-profit,Boston,https://www.bu.edu,Boston University,Private not-for-profit,2,program_suspension; staff_layoff,2025-07-07,2024-11-19,,120,1,1,0,0,0,0,1,6.080086023516211,Yes,2.8537991620497105,No,No,No,No,1,-11.669090661631191,9.65104117143672,0.28052005288673426,20.78944871429927,0.14481742473275533,0,47.75120553114258,3528624000,24.42020944518099,,,
198419,Duke University,North Carolina,TRUE,normalized_name_state_fallback,Private non-profit,Durham,https://www.duke.edu,Duke University,Private not-for-profit,2,program_suspension; staff_layoff,2025-09-23,2025-07-28,87,600,1,1,0,0,0,0,1,1.106889145878077,No,29.28085140397493,No,No,No,Yes,4,0.19989153930589185,-3.028301407448809,0.2559368191721133,22.913941930421135,0.2274941573825252,0,5.333432112890357,11889994000,12.560787929132337,,,
243744,Stanford University,California,TRUE,collegecuts_institutions.unitid,Private non-profit,Stanford,https://www.stanford.edu/,Stanford University,Private not-for-profit,2,staff_layoff,2025-08-05,2024-08-21,,386,2,0,0,0,0,0,1,0.6621254703948936,No,-7.526145918344811,Yes,No,No,No,1,1.624557728990965,21.392857142857142,0.252129471890971,-6.031746031746032,0.18557198921701593,0,6.902511631545141,37631059000,10.720406727973517,,,
110662,"University of California, Los Angeles",California,TRUE,collegecuts_institutions.unitid,Public,Los Angeles,https://www.ucla.edu,University of California-Los Angeles,Public,2,program_suspension; staff_layoff,2025-06-30,2025-06-05,6300,23,1,1,0,0,0,0,1,4.851071057045199,No,21.010802346386377,No,No,No,Yes,8,-17.284478009840036,14.88258615431534,0.13606544099781323,-8.980089394555058,0.05870845734313877,0.03916187959177891,7.812635590837617,3529545000,27.544243764683152,,,
145637,University of Illinois Urbana-Champaign,Illinois,TRUE,normalized_name_state_fallback,Public,Champaign,https://illinois.edu,University of Illinois Urbana-Champaign,Public,2,staff_layoff,2025-08-09,2025-03-11,,247,2,0,0,0,0,0,1,14.207511139401657,No,-4.180202142249705,Yes,No,No,No,1,-11.885388717584064,12.472921179803366,0.21894358010733,13.253706754530478,0.03918585504800005,0.01410863480052222,28.552514124315746,2606081833,19.844903316544997,,,
230816,Bennington College,Vermont,TRUE,normalized_name_state_fallback,Private non-profit,Bennington,https://www.bennington.edu,Bennington College,Private not-for-profit,1,staff_layoff,2025-08-31,2025-08-31,,15,1,0,0,0,0,0,1,6.433408577878104,No,-10.303245199905236,Yes,No,No,No,3,-25.096957849894636,7.323943661971831,0.12513255567338283,-11.278195488721805,0.0478289837517942,0,45.22540285954248,48929885,-1.6769128687436266,,,
165334,Clark University,Massachusetts,TRUE,collegecuts_institutions.unitid,Private non-profit,Worcester,https://www.clarku.edu,Clark University,Private not-for-profit,1,staff_layoff,2025-06-20,2025-06-20,,99,1,0,0,0,0,0,1,32.76706017852001,No,66.21065616444724,No,No,No,Yes,5,-4.161567704131892,6.944444444444445,0.3838646714378659,109.71563981042654,0.0114865304176329,0,42.348136804492086,486846000,-4.9791132019908435,,,
235097,Eastern Washington University,Washington,TRUE,normalized_name_state_fallback,Public,Cheney,https://www.ewu.edu,Eastern Washington University,Public,1,department_closure,2026-01-15,2026-01-15,,,0,0,1,0,0,0,1,15.111835098051502,No,-5.334289894958273,Yes,No,No,No,0,-11.962849944482048,-7.974276527331189,0.00364665541827681,-86.0125260960334,0.02343311461850157,0.05250734940142138,27.37544381910531,48340888,18.16554382986565,,,
212197,Elizabethtown College,Pennsylvania,TRUE,collegecuts_institutions.unitid,Private non-profit,Elizabethtown,https://www.etown.edu,Elizabethtown College,Private not-for-profit,1,program_suspension,2024-09-24,2024-09-24,,13,0,1,0,0,0,0,1,13.820775746767724,No,4.440456885620897,No,No,No,Yes,4,-30.808640115304097,-2.364864864864865,0.01958480219349784,31.57894736842105,0.01364843175097108,0,42.22277430044004,107239621,4.179101790189079,,,
139658,Emory University,Georgia,TRUE,normalized_name_state_fallback,Private non-profit,Atlanta,emory.edu,Emory University,Private not-for-profit,1,department_closure,2025-09-03,2025-09-03,,,0,0,1,0,0,0,1,1.029705441837244,Yes,26.087954597133223,No,No,No,No,3,-11.067834405267895,19.34208445358216,0.182037185743406,3.3309957924263673,0.2222150694655027,0,4.7201734362633205,12396185000,17.118231556454468,,,
486901,Milligan University,Tennessee,TRUE,normalized_name_state_fallback,Private non-profit,Milligan,https://www.milligan.edu,Milligan University,Private not-for-profit,1,program_suspension,2025-08-19,2025-08-19,,,0,1,0,0,0,0,1,-5.458515283842795,No,20.06769348811911,No,No,No,No,1,-18.04868219072581,3.594771241830065,0.06851424172440339,34.84848484848485,0.00445813993612613,0,41.78974522279585,56151084,30.615397873933485,,,
227526,Prairie View A&M University,Texas,TRUE,normalized_name_state_fallback,Public,Prairie View,https://www.pvamu.edu,Prairie View A & M University,Public,1,program_suspension,2025-08-04,2025-08-04,,,0,1,0,0,0,0,1,4.155229531471841,Yes,35.822501765127846,No,No,No,No,2,-5.227343907489502,9.42947702060222,0.01608505997818975,-31.92307692307692,0.01402939969431381,0.1070981502257298,12.233199216909313,150054853,45.02605819640159,,,
197151,School of Visual Arts,New York,TRUE,normalized_name_state_fallback,Private for-profit,New York City,sva.edu,School of Visual Arts,Private for-profit,1,staff_layoff,2025-08-22,2025-08-22,,30,1,0,0,0,0,0,1,-7.553402334287602,No,1.394170125685585,No,No,No,No,1,-5.304219932114813,-10.03584229390681,0.5333492139113863,2.5183150183150182,,,84.68161758459993,,,,,
199698,St. Andrews University,North Carolina,TRUE,normalized_name_state_fallback,Private non-profit,Laurinburg,sa.edu,St. Andrews University,Private not-for-profit,1,institution_closure,2025-04-25,2025-04-25,832,131,0,0,0,0,1,0,1,3.553921568627451,No,-8.485678794327397,Yes,No,No,No,4,31.860038186310486,-57.18849840255591,0.03905325443786982,-60.71428571428571,0,0,61.13231607070971,6799893,-21.922237652336907,,,
239716,St. Norbert College,Wisconsin,TRUE,collegecuts_institutions.unitid,Private non-profit,De Pere,https://www.snc.edu,Saint Norbert College,Private not-for-profit,1,department_closure,2025-03-17,2025-03-17,,21,0,0,1,0,0,0,1,0.6516072980017376,Yes,6.648747317697502,No,No,No,No,1,-25.40680009260527,-22.95552367288379,0.01855848079413034,-6.521739130434782,0.0085295353044276,0,36.38256009876354,188795538,6.537097893990845,,,
221838,Tennessee State University,Tennessee,TRUE,collegecuts_institutions.unitid,Public,Nashville,https://www.tnstate.edu,Tennessee State University,Public,1,staff_layoff,2024-10-01,2024-10-01,,114,1,0,0,0,0,0,1,3.1755130115785852,No,0.8533955367260722,No,No,Yes,No,4,-43.27289312775356,6.725146198830409,0.04211111111111111,-49.39919893190921,0.03844914772463417,0.00620433059609258,15.26925966935326,115311043,52.683588450186114,,,
195234,The College of Saint Rose,New York,TRUE,normalized_name_state_fallback,Private non-profit,Albany,strose.edu,The College of Saint Rose,Private not-for-profit,1,institution_closure,2024-06-21,2024-06-21,2800,646,0,0,0,0,1,0,1,,No,,,No,,Yes,8,,,,,,,,,,,,
102377,Tuskegee University,Alabama,TRUE,normalized_name_state_fallback,Private non-profit,Tuskegee,https://www.tuskegee.edu,Tuskegee University,Private not-for-profit,1,staff_layoff,2025-02-27,2025-02-27,,10,1,0,0,0,0,0,1,26.756352765321378,Yes,17.640284201751435,No,No,No,No,3,-37.77324817555423,-10.23316062176166,0,,0.278198763016529,0,17.39292774170186,164249785,3.5819460380828025,,,
163259,"University of Maryland, Baltimore",Maryland,TRUE,normalized_name_state_fallback,Public,Baltimore,https://www.umaryland.edu,"University of Maryland, Baltimore",Public,1,staff_layoff,2025-09-23,2025-09-23,,30,1,0,0,0,0,0,1,-1.7562392710946784,No,1.7979542643118402,No,No,No,No,1,-13.556670116475832,7.897293546148508,0.06061827956989247,37.08206686930091,0.08667250530741549,0.02461762016580341,8.686037495973238,521552835,18.350372098293192,,,
221999,Vanderbilt University Medical Center,Tennessee,TRUE,collegecuts_institutions.unitid,Private non-profit,Nashville,https://www.vumc.org,Vanderbilt University,Private not-for-profit,1,staff_layoff,2025-06-20,2025-06-20,,650,1,0,0,0,0,0,1,5.3249229866510195,No,14.693259073319414,No,No,No,Yes,4,-4.801138244734989,14.738358137301969,0.12534818941504178,22.866894197952217,0.13492557843826714,0,16.753471035860606,10247727490,33.1857364737979,,,
179867,Washington University in St. Louis,Missouri,TRUE,normalized_name_state_fallback,Private non-profit,St. Louis,https://washu.edu,Washington University in St Louis,Private not-for-profit,1,staff_layoff,2025-10-02,2025-10-02,,316,1,0,0,0,0,0,1,1.241991682589637,Yes,19.322403824242368,No,No,No,No,3,-11.961183999850869,27.130607244939625,0.2798223702470164,22.86132098464538,0.15171591476403146,0,8.322906411211415,12006026000,20.34868023525424,,,
237057,Whitman College,Washington,TRUE,collegecuts_institutions.unitid,Private non-profit,Walla Walla,https://www.whitman.edu,Whitman College,Private not-for-profit,1,staff_layoff,2025-06-25,2025-06-25,,10,1,0,0,0,0,0,1,-0.43613707165109034,No,52.39693159072797,No,No,No,No,2,-22.285111162018065,-8.589951377633712,0.1376720901126408,81.81818181818183,0.01474304031154783,0,24.149464857715248,785977679,13.324469701556014,,,
211440,Carnegie Mellon University,Pennsylvania,TRUE,normalized_name_state_fallback,Private non-profit,Pittsburgh,https://www.cmu.edu,Carnegie Mellon University,Private not-for-profit,2,staff_layoff,2025-10-08,2025-08-05,,93,2,0,0,0,0,0,0,10.909331044046754,No,5.936367169658677,No,No,No,No,0,-5.63344534497617,7.373501997336884,0.42869901756475143,14.158871095608056,0.18906540155519416,0,37.74117786634939,3231995579,32.79285670869657,,,
165662,Emerson College,Massachusetts,TRUE,collegecuts_institutions.unitid,Private non-profit,Boston,https://www.emerson.edu,Emerson College,Private not-for-profit,2,staff_layoff,2025-08-23,2024-08-15,,40,2,0,0,0,0,0,0,19.09307875894988,No,12.023184261616448,No,No,No,No,2,-14.969599537178109,21.687840290381125,0.1372745490981964,35.86776859504132,0.00596577532925262,0,61.340728469232445,264747512,19.53398533167961,,,
150987,Ivy Tech Community College,Indiana,FALSE,collegecuts_institutions.unitid,Public,Indianapolis,https://www.ivytech.edu,,,2,staff_layoff,2025-06-30,2025-06-02,,240,2,0,0,0,0,0,0,,,,,,,,,,,,,,,,,,,,
171100,Michigan State University,Michigan,TRUE,normalized_name_state_fallback,Public,East Lansing,msu.edu,Michigan State University,Public,2,staff_layoff,2025-10-20,2025-07-22,,219,2,0,0,0,0,0,0,0.08132726089785296,No,4.1941843620797465,No,No,No,No,3,-15.580881547460798,8.190387884407356,0.09029019267927116,-28.23309889478972,0.02826140529595425,0.20100826974934344,25.36528086374578,4986233000,18.334845352933876,,,
214777,Pennsylvania State University,Pennsylvania,TRUE,collegecuts_institutions.unitid,Public,University Park,https://www.psu.edu,Pennsylvania State University-Main Campus,Public,2,department_closure; staff_layoff,2025-09-11,2024-05-08,,427,1,0,1,0,0,0,0,6.244117352558326,No,14.118369511185918,No,No,No,No,1,-16.529775110776583,-26.253551729901385,0.1576725161630822,-0.7239496795632566,0.19675566985621015,0,20.194454455549955,4750032000,22.32121968677952,,,
104179,University of Arizona,Arizona,TRUE,collegecuts_institutions.unitid,Public,Tucson,https://www.arizona.edu/,University of Arizona,Public,2,staff_layoff,2025-09-10,2025-05-20,,53,2,0,0,0,0,0,0,27.36316362814215,No,4.006114911528383,No,No,No,No,1,-17.71125394715174,3.1922276197085355,0.06319594616402543,-7.379375591296121,0.06809594766974669,0.02641249920249752,27.403517406322074,1387344636,8.915531782866559,,,
209551,University of Oregon,Oregon,TRUE,collegecuts_institutions.unitid,Public,Eugene,https://www.uoregon.edu,University of Oregon,Public,2,staff_layoff,2025-09-08,2025-06-19,,62,2,0,0,0,0,0,0,0.9086219894457008,No,5.991606524946789,No,No,No,No,3,-2.354579832227868,10.405847278322751,0.03625353884869456,-66.26417855836078,0.02862110034973796,0.03957072132204225,32.308982243813396,1613595472,38.857702887831586,,,
,University of Texas at Dallas,Texas,FALSE,unmatched,Public,Richardson,https://www.utdallas.edu,,,2,department_closure; staff_layoff,2025-07-30,2024-04-09,,20,1,0,1,0,0,0,0,,,,,,,,,,,,,,,,,,,,
240277,University of Wisconsin-Green Bay,Wisconsin,TRUE,collegecuts_institutions.unitid,Public,Marinette,https://www.uwgb.edu/marinette/,University of Wisconsin-Green Bay,Public,2,program_suspension,2025-07-16,2024-01-22,,,0,2,0,0,0,0,0,26.686303387334316,No,15.410966199562894,No,No,No,No,4,-3.041710744511029,5.046948356807512,0.0351856157482756,160.91954022988506,0.00617645480829248,0.01884104337352244,27.92931655108616,63937536,25.554045977690254,,,
240444,University of Wisconsin-Madison,Wisconsin,TRUE,normalized_name_state_fallback,Public,Madison,www.wisc.edu,University of Wisconsin-Madison,Public,2,department_closure; program_suspension,2025-08-08,2025-07-25,,90,0,1,1,0,0,0,0,13.466407832545576,No,17.88615283090425,No,No,No,No,2,-6.369290586182339,14.125320786997433,0.16459627329192547,19.964760097587423,0.0951984966927642,0.02965259273088552,19.65894454295764,6101887051,8.589396945361365,,,
,Bacone College,Oklahoma,FALSE,unmatched,Private non-profit,Muskogee,www.bacone.edu,,,1,institution_closure,2025-05-15,2025-05-15,,,0,0,0,0,1,0,0,,,,,,,,,,,,,,,,,,,,
167792,Bard College at Simon's Rock,Massachusetts,FALSE,collegecuts_institutions.unitid,Private non-profit,Great Barrington,https://simons-rock.edu,,,1,institution_closure,2024-11-01,2024-11-01,,116,0,0,0,0,1,0,0,,,,,,,,,,,,,,,,,,,,
189097,Barnard College,New York,TRUE,normalized_name_state_fallback,Private non-profit,New York,www.barnard.edu,Barnard College,Private not-for-profit,1,staff_layoff,2025-07-31,2025-07-31,,77,1,0,0,0,0,0,0,36.28351083363937,No,34.05114040112774,No,No,No,No,1,-3.639731907672999,19.30541368743616,0.14012395580706008,102.33463035019454,0.0177618427238893,0,48.56258918466762,503444000,12.838738552073451,,,
164748,Berklee College of Music,Massachusetts,TRUE,normalized_name_state_fallback,Private non-profit,Boston,berklee.edu,Berklee College of Music,Private not-for-profit,1,staff_layoff,2025-10-03,2025-10-03,,70,1,0,0,0,0,0,0,20.844228614120283,No,10.822491361120775,No,No,No,No,3,-28.647745654307418,28.32065535400819,0.29860896445131374,29.722470904207697,0.0142902582278199,0,70.81012546415378,426384464,-2.403490838330349,,,
,Birmingham-Southern College,Alabama,FALSE,unmatched,Private non-profit,Birmingham,https://www.bsc.edu,,,1,institution_closure,2024-05-09,2024-05-09,975,200,0,0,0,0,1,0,0,,,,,,,,,,,,,,,,,,,,
,Bowling Green State University,Ohio,FALSE,unmatched,Public,Bowling Green,https://www.bgsu.edu,,,1,program_suspension,2025-08-15,2025-08-15,,,0,1,0,0,0,0,0,,,,,,,,,,,,,,,,,,,,
217156,Brown University,Rhode Island,TRUE,normalized_name_state_fallback,Private non-profit,Providence,brown.edu,Brown University,Private not-for-profit,1,staff_layoff,2025-09-23,2025-09-23,,48,1,0,0,0,0,0,0,13.949814126394052,No,13.624104279574428,No,No,No,No,2,-18.065095943029423,21.278403057974092,0.19354049425006117,19.54659949622166,0.1313670922273866,0,21.623390053949983,6718785000,37.69778953717775,,,
,Cabrini University,Pennsylvania,FALSE,unmatched,Private non-profit,Radnor,www.cabrini.edu,,,1,institution_closure,2024-03-23,2024-03-23,1500,,0,0,0,0,1,0,0,,,,,,,,,,,,,,,,,,,,
110404,California Institute of Technology,California,TRUE,normalized_name_state_fallback,Private non-profit,Pasadena,https://www.caltech.edu,California Institute of Technology,Private not-for-profit,1,staff_layoff,2024-03-12,2024-03-12,,521,1,0,0,0,0,0,0,9.168808911739502,No,4.1633382338053835,No,No,No,No,2,-10.978647817555483,1.7661388550548112,0.315149136577708,14.387464387464387,0.21088202801174263,0,1.2003984811229365,4228841000,15.383680275446634,,,
110422,California Polytechnic State University,California,TRUE,collegecuts_institutions.unitid,Public,San Luis Obispo,https://www.calpoly.edu/,California Polytechnic State University-San Luis Obispo,Public,1,program_suspension,2025-03-07,2025-03-07,58,3,0,1,0,0,0,0,0,2.3670418420826533,No,22.412048304154816,No,No,No,No,4,-1.1482493911786418,9.195402298850574,0.01183431952662721,-49.91119005328597,1.1519150576663618e-5,0.03374390508827577,30.80577548774968,296446884,6.086925321743073,,,
,College of Idaho,Idaho,FALSE,unmatched,Private non-profit,Caldwell,https://www.collegeofidaho.edu,,,1,program_suspension,2025-12-09,2025-12-09,,10,0,1,0,0,0,0,0,,,,,,,,,,,,,,,,,,,,
190150,Columbia University,New York,TRUE,collegecuts_institutions.unitid,Private non-profit,New York,https://www.columbia.edu/,Columbia University in the City of New York,Private not-for-profit,1,staff_layoff,2025-05-06,2025-05-06,,180,1,0,0,0,0,0,0,17.452929341461218,No,24.10678232346566,No,No,No,No,2,-7.5681960510947635,9.093011424078442,0.38874542990821465,26.78228966897357,0.1760202331717997,0,19.82874132981217,14782492000,10.01772568180897,,,
169363,Concordia University Ann Arbor,Michigan,TRUE,collegecuts_institutions.unitid,Private non-profit,Ann Arbor,https://www.cuaa.edu,Concordia University Ann Arbor,Private not-for-profit,1,program_suspension,2024-06-20,2024-06-20,,,0,1,0,0,0,0,0,18.695652173913043,No,,,No,,No,4,,-54.83870967741935,0.03174603174603174,108,,,,,,,,
,Cuyahoga Community College,Ohio,FALSE,unmatched,Public,Cleveland,tri-c.edu,,,1,program_suspension,2025-09-04,2025-09-04,,,0,1,0,0,0,0,0,,,,,,,,,,,,,,,,,,,,
,Delaware College of Art and Design,Delaware,FALSE,unmatched,Private non-profit,Wilmington,dcad.edu/,,,1,institution_closure,2024-05-23,2024-05-23,107,25,0,0,0,0,1,0,0,,,,,,,,,,,,,,,,,,,,
203331,Eastern Gateway Community College,Ohio,FALSE,collegecuts_institutions.unitid,Public,Steubenville,https://egcc.edu,,,1,institution_closure,2024-05-15,2024-05-15,,,0,0,0,0,1,0,0,,,,,,,,,,,,,,,,,,,,
,Goddard College,Vermont,FALSE,unmatched,Private non-profit,Plainfield,goddard.edu,,,1,institution_closure,2024-04-09,2024-04-09,220,64,0,0,0,0,1,0,0,,,,,,,,,,,,,,,,,,,,
,Hodges University,Florida,FALSE,unmatched,Private non-profit,Fort Myers,hodges.edu,,,1,institution_closure,2024-08-19,2024-08-19,443,,0,0,0,0,1,0,0,,,,,,,,,,,,,,,,,,,,
,Indiana University,Indiana,FALSE,unmatched,Public,Bloomington,https://iu.edu,,,1,staff_layoff,2025-01-16,2025-01-16,,25,1,0,0,0,0,0,0,,,,,,,,,,,,,,,,,,,,
192004,Jamestown Business College,New York,FALSE,collegecuts_institutions.unitid,Private for-profit,Jamestown,www.jbc.edu,,,1,institution_closure,2024-02-01,2024-02-01,,,0,0,0,0,1,0,0,,,,,,,,,,,,,,,,,,,,
162928,Johns Hopkins University,Maryland,TRUE,collegecuts_institutions.unitid,Private non-profit,Baltimore,https://www.jhu.edu,Johns Hopkins University,Private not-for-profit,1,staff_layoff,2025-03-14,2025-03-14,,247,1,0,0,0,0,0,0,16.70989476194735,No,7.094297122660402,No,No,No,No,1,-11.416599849840107,10.97162942505649,0.2657351588842342,48.08540925266904,0.389819688783696,0,7.751431444795605,13063073000,69.63874026143034,,,
,Johnson University Florida,Florida,FALSE,unmatched,Private non-profit,Kissimmee,johnsonu.edu,,,1,institution_closure,2024-06-30,2024-06-30,150,35,0,0,0,0,1,0,0,,,,,,,,,,,,,,,,,,,,
486840,Kennesaw State University,Georgia,TRUE,collegecuts_institutions.unitid,Public,Kennesaw,https://www.kennesaw.edu,Kennesaw State University,Public,1,program_suspension,2025-05-01,2025-05-01,,,0,1,0,0,0,0,0,26.08873097421616,No,8.362540162303892,No,No,No,No,2,-34.503914963521986,15.66265060240964,0.03472896555663449,100.21953896816684,0.00356424093272773,0.01935389183446898,27.756007088383456,124042454,112.98652790821949,,,
,Magdalen College of the Liberal Arts,New Hampshire,FALSE,unmatched,Private non-profit,Warner,magdalen.edu,,,1,institution_closure,2025-05-04,2025-05-04,65,,0,0,0,0,1,0,0,,,,,,,,,,,,,,,,,,,,
,Milwaukee Area Technical College,Wisconsin,FALSE,unmatched,Public,Milwaukee,https://www.matc.edu,,,1,staff_layoff,2025-08-21,2025-08-21,,4,1,0,0,0,0,0,0,,,,,,,,,,,,,,,,,,,,
181446,Nebraska Wesleyan University,Nebraska,TRUE,normalized_name_state_fallback,Private non-profit,Lincoln,https://www.nebrwesleyan.edu,Nebraska Wesleyan University,Private not-for-profit,1,staff_layoff,2025-10-10,2025-10-10,,,1,0,0,0,0,0,0,9.68534906588004,No,0.00147631982008512,No,No,No,No,2,-26.108827378642523,-24.952380952380953,0.01456745853877185,109.6774193548387,0.0328130116799476,0,45.16466379231263,82773000,15.426934671441735,,,
147767,Northwestern University,Illinois,TRUE,normalized_name_state_fallback,Private non-profit,Evanston,https://www.northwestern.edu,Northwestern University,Private not-for-profit,1,staff_layoff,2025-07-29,2025-07-29,,425,1,0,0,0,0,0,0,4.813773717498243,No,40.092175109482895,No,No,No,No,3,-11.764198805780724,13.034547152194213,0.20363541550266323,31.16602687140115,0.20093260255135317,0,19.80056279470669,10981265000,8.549967424230283,,,
,Notre Dame College,Ohio,FALSE,unmatched,Private non-profit,South Euclid,,,,1,institution_closure,2024-02-29,2024-02-29,1050,,0,0,0,0,1,0,0,,,,,,,,,,,,,,,,,,,,
,Oak Point University,Illinois,FALSE,unmatched,Private non-profit,Chicago,,,,1,institution_closure,2024-03-28,2024-03-28,429,,0,0,0,0,1,0,0,,,,,,,,,,,,,,,,,,,,
,Ohio University,Ohio,FALSE,unmatched,Public,Athens,ohio.edu,,,1,program_suspension,2025-08-26,2025-08-26,,,0,1,0,0,0,0,0,,,,,,,,,,,,,,,,,,,,
,Pittsburgh Technical College,Pennsylvania,FALSE,unmatched,Private non-profit,Oakdale,ptcollege.edu,,,1,institution_closure,2024-06-10,2024-06-10,1066,,0,0,0,0,1,0,0,,,,,,,,,,,,,,,,,,,,
209746,Portland Community College,Oregon,FALSE,collegecuts_institutions.unitid,Public,Portland,https://www.pcc.edu,,,1,program_suspension,2025-06-12,2025-06-12,,,0,1,0,0,0,0,0,,,,,,,,,,,,,,,,,,,,
243780,Purdue University,Indiana,TRUE,collegecuts_institutions.unitid,Public,West Lafayette,https://www.purdue.edu/,Purdue University-Main Campus,Public,1,program_suspension,2025-07-01,2025-07-01,,,0,1,0,0,0,0,0,21.10225259427993,No,14.311267170855022,No,No,No,No,0,-11.381089220471472,12.070006035003017,0.17576675897382307,6.838873597289859,0.07006297687341351,0.13292641072538336,30.677683756408396,3971950988,27.485233775077216,,,
,Rutgers University,New Jersey,FALSE,unmatched,Public,New Brunswick,https://www.rutgers.edu,,,1,staff_layoff,2024-04-01,2024-04-01,,29,1,0,0,0,0,0,0,,,,,,,,,,,,,,,,,,,,
,Salt Lake Community College,Utah,FALSE,unmatched,Public,Salt Lake City,slcc.edu,,,1,department_closure,2025-09-03,2025-09-03,,,0,0,1,0,0,0,0,,,,,,,,,,,,,,,,,,,,
183026,Southern New Hampshire University,New Hampshire,TRUE,collegecuts_institutions.unitid,Private non-profit,Manchester,https://www.snhu.edu,Southern New Hampshire University,Private not-for-profit,1,staff_layoff,2025-06-25,2025-06-25,,60,1,0,0,0,0,0,0,65.79739152472983,No,42.87344748890842,No,No,No,No,0,-10.021949645960946,54.854116914131446,0.0072863671639217,129.22318125770653,0.00686484674759594,0,91.31816840028584,64647512,34.904920254244544,,,
186867,Stevens Institute of Technology,New Jersey,TRUE,normalized_name_state_fallback,Private non-profit,Hoboken,https://www.stevens.edu,Stevens Institute of Technology,Private not-for-profit,1,staff_layoff,2025-08-31,2025-08-31,,45,1,0,0,0,0,0,0,20.77596996245307,No,26.674879387704415,No,No,No,No,0,-7.624551146290448,11.25984251968504,0.36393782383419687,51.18381403357727,0.15765189852420652,0,57.88417143430693,374598000,36.10899729343222,,,
,Sullivan University,Kentucky,FALSE,unmatched,Private for-profit,Louisville,sullivan.edu,,,1,staff_layoff,2025-07-22,2025-07-22,,14,1,0,0,0,0,0,0,,,,,,,,,,,,,,,,,,,,
,Texas A&M University at Qatar,Non-US,FALSE,unmatched,Public,Doha,https://www.qatar.tamu.edu,,,1,institution_closure,2024-02-15,2024-02-15,,,0,0,0,0,1,0,0,,,,,,,,,,,,,,,,,,,,
,The King's College,New York,FALSE,unmatched,Private non-profit,New York City,https://www.tkc.edu,,,1,institution_closure,2025-07-29,2025-07-29,,,0,0,0,0,1,0,0,,,,,,,,,,,,,,,,,,,,
206279,Union Institute & University,Ohio,FALSE,collegecuts_institutions.unitid,Private non-profit,Cincinnati,https://myunion.edu,,,1,institution_closure,2024-06-20,2024-06-20,,,0,0,0,0,1,0,0,,,,,,,,,,,,,,,,,,,,
442930,University of Antelope Valley,California,FALSE,collegecuts_institutions.unitid,Private for-profit,Lancaster,https://www.uav.edu,,,1,institution_closure,2024-02-29,2024-02-29,,,0,0,0,0,1,0,0,,,,,,,,,,,,,,,,,,,,
134130,University of Florida,Florida,TRUE,normalized_name_state_fallback,Public,Gainesville,ufl.edu,University of Florida,Public,1,staff_layoff,2025-07-04,2025-07-04,,75,1,0,0,0,0,0,0,5.424773187628726,No,40.32147914685729,No,No,No,No,1,-7.1306534798887835,8.625858838226108,0.09117476104365796,11.91042409829568,0.1147979017990351,0.08997986896993433,7.665822193844274,2448293000,9.736653703305551,,,
161253,University of Maine,Maine,TRUE,normalized_name_state_fallback,Public,Orono,umaine.edu,University of Maine,Public,1,staff_layoff,2025-05-15,2025-05-15,,9,1,0,0,0,0,0,0,6.638148346192041,No,10.374587783144706,No,No,No,No,0,-17.20903862813701,-1.347809809060277,0.04749283667621776,35.30612244897959,0.06071276739146213,0.02823487935629037,20.911769319300685,479309000,17.06179330913494,,,
,University of Minnesota Extension,Minnesota,FALSE,unmatched,Public,Marshall,https://extension.umn.edu,,,1,staff_layoff,2025-07-16,2025-07-16,,60,1,0,0,0,0,0,0,,,,,,,,,,,,,,,,,,,,
101709,University of Montevallo,Alabama,TRUE,normalized_name_state_fallback,Public,Montevallo,https://www.montevallo.edu/,University of Montevallo,Public,1,staff_layoff,2025-03-17,2025-03-17,,24,1,0,0,0,0,0,0,35.867652235128475,No,15.50866657371626,No,No,No,No,4,-21.310265285811703,9.401709401709402,0.02512953367875647,40.57971014492754,0,0.0100161825281367,18.40684531014744,45439205,64.9156708915695,,,
101879,University of North Alabama,Alabama,TRUE,normalized_name_state_fallback,Public,Florence,www.una.edu,University of North Alabama,Public,1,department_closure,2025-09-08,2025-09-08,,,0,0,1,0,0,0,0,40.849342770475225,No,21.003245492609807,No,No,No,No,4,-13.657385710790592,30.04484304932735,0.04961314509053202,92.56965944272446,0.00154525328062562,0.03338637367833398,32.73746231398797,63919879,39.93719157291559,,,
,University of Oklahoma,Oklahoma,FALSE,unmatched,Public,Norman,ou.edu,,,1,staff_layoff,2025-05-21,2025-05-21,,15,1,0,0,0,0,0,0,,,,,,,,,,,,,,,,,,,,
,University of Saint Katherine,California,FALSE,unmatched,Private non-profit,San Marcos,usk.edu,,,1,institution_closure,2024-04-25,2024-04-25,232,,0,0,0,0,1,0,0,,,,,,,,,,,,,,,,,,,,
,"University of Tennessee, Knoxville",Tennessee,FALSE,unmatched,Public,Knoxville,https://www.utk.edu/,,,1,program_suspension,2025-07-10,2025-07-10,3,,0,1,0,0,0,0,0,,,,,,,,,,,,,,,,,,,,
,University of Texas HSCH,Texas,FALSE,unmatched,Public,Houston,www.uth.edu,,,1,staff_layoff,2025-08-21,2025-08-21,,50,1,0,0,0,0,0,0,,,,,,,,,,,,,,,,,,,,
,University of Texas at Austin,Texas,FALSE,unmatched,Public,Austin,utexas.edu,,,1,staff_layoff,2024-04-02,2024-04-02,,60,1,0,0,0,0,0,0,,,,,,,,,,,,,,,,,,,,
,University of Wisconsin Law School,Wisconsin,FALSE,unmatched,Public,Madison,https://law.wisc.edu,,,1,program_suspension,2025-08-22,2025-08-22,,1,0,1,0,0,0,0,0,,,,,,,,,,,,,,,,,,,,
,University of Wisconsin-Platteville Baraboo Sauk County,Wisconsin,FALSE,unmatched,Public,Baraboo,https://www.uwplatt.edu,,,1,campus_closure,2025-10-17,2025-10-17,126,,0,0,0,1,0,0,0,,,,,,,,,,,,,,,,,,,,
240444,University of Wisconsin–Madison,Wisconsin,TRUE,normalized_name_state_fallback,Public,Madison,https://www.wisc.edu,University of Wisconsin-Madison,Public,1,department_closure,2025-07-09,2025-07-09,,10,0,0,1,0,0,0,0,13.466407832545576,No,17.88615283090425,No,No,No,No,2,-6.369290586182339,14.125320786997433,0.16459627329192547,19.964760097587423,0.0951984966927642,0.02965259273088552,19.65894454295764,6101887051,8.589396945361365,,,
215105,University of the Arts,Pennsylvania,FALSE,collegecuts_institutions.unitid,Private non-profit,Philadelphia,www.uarts.edu,,,1,institution_closure,2024-05-31,2024-05-31,,600,0,0,0,0,1,0,0,,,,,,,,,,,,,,,,,,,,
230728,Utah State University,Utah,FALSE,collegecuts_institutions.unitid,Public,Logan,https://www.usu.edu,,,1,department_closure,2025-04-29,2025-04-29,,,0,0,1,0,0,0,0,,,,,,,,,,,,,,,,,,,,
230737,Utah Valley University,Utah,FALSE,collegecuts_institutions.unitid,Public,Orem,https://www.uvu.edu,,,1,program_suspension,2025-06-10,2025-06-10,,,0,1,0,0,0,0,0,,,,,,,,,,,,,,,,,,,,
199847,Wake Forest University,North Carolina,TRUE,normalized_name_state_fallback,Private non-profit,Winston-Salem,wfu.edu,Wake Forest University,Private not-for-profit,1,department_closure,2025-08-08,2025-08-08,,,0,0,1,0,0,0,0,8.979185119574845,No,25.73337959280499,No,No,No,No,2,-2.5646341294040345,24.14802981895634,0.07873615767550543,-12.62683201803833,0.09788489287023248,0,14.058798935586644,1997300000,18.351376162933377,,,
230782,Weber State University,Utah,FALSE,collegecuts_institutions.unitid,Public,Ogden,https://www.weber.edu,,,1,department_closure,2025-04-22,2025-04-22,209,,0,0,1,0,0,0,0,,,,,,,,,,,,,,,,,,,,
,Wells College,New York,FALSE,unmatched,Private non-profit,Aurora,https://www.wells.edu,,,1,institution_closure,2024-04-29,2024-04-29,357,38,0,0,0,0,1,0,0,,,,,,,,,,,,,,,,,,,,
,Western Wyoming Community College,Wyoming,FALSE,unmatched,Public,Rock Springs,https://www.westernwyoming.edu,,,1,staff_layoff,2025-12-26,2025-12-26,,33,1,0,0,0,0,0,0,,,,,,,,,,,,,,,,,,,,
160904,Xavier University of Louisiana,Louisiana,TRUE,normalized_name_state_fallback,Private non-profit,New Orleans,https://www.xula.edu/,Xavier University of Louisiana,Private not-for-profit,1,staff_layoff,2025-10-29,2025-10-29,,46,1,0,0,0,0,0,0,2.5787965616045847,No,10.856491246428956,No,No,No,No,4,-44.596513990137566,1.125,0.02541899441340782,31.88405797101449,0.29611575021740943,0,26.5535391253617,182857477,-12.861442792706582,,,
,,,FALSE,unmatched,,,,,,1,staff_layoff,2025-09-18,2025-09-18,,38,1,0,0,0,0,0,0,,,,,,,,,,,,,,,,,,,,
